0.000000000000000000e+00,2.426107978337436501e-03,-2.005248600005189036e-02,-6.583622897176852340e-02
2.319069841264267962e-01,4.087073625063475033e-03,-3.378760889156687958e-02,-5.715252514407710427e-01
2.319069841264267962e-01,1.177204597176998921e-02,-1.951088746934930007e-01,-1.787978944614107835e-01
2.319069841264267962e-01,1.724175257229186922e-02,-1.902160592749598256e-01,-2.801348617928571816e-01
2.319069841264267962e-01,2.620773127202360997e-02,-2.171917170314851542e-01,1.920894297757790303e-01
2.319069841264267962e-01,3.306214018498432328e-02,-9.440760593921103394e-02,5.855726355649903958e-02
2.319069841264267962e-01,3.708787539595602423e-02,-4.851842474075219319e-02,-8.617331819602301601e-02
2.319069841264267962e-01,4.040064344229261917e-02,-5.981481998118824694e-02,-2.006943841380962601e-01
2.319069841264267962e-01,4.489535251595429960e-02,-1.020784718671229607e-01,-4.960542205922596759e-02
2.319069841264267962e-01,5.251573564259231358e-02,-8.633665638037187062e-02,-3.017570718846970257e-01
2.319069841264267962e-01,6.033037658455935037e-02,-1.509627452582164298e-01,-2.251429987724588022e-01
2.319069841264267962e-01,7.418424305579250644e-02,-1.732162800686901649e-01,-1.416464227477771121e-01
2.319069841264267962e-01,9.054091417012569143e-02,-1.637441023696930287e-01,-2.857361293481338049e-01
2.319069841264267962e-01,1.099642447696927289e-01,-2.003413622691619655e-01,-1.509012404309387212e-01
2.319069841264267962e-01,1.335170358028732740e-01,-1.855093232022688721e-01,1.124457352447909519e-04
2.319069841264267962e-01,1.579915884962423689e-01,-1.298227608851232895e-01,7.047267279540687934e-02
2.319069841264267962e-01,1.813642484034009572e-01,-6.973400835441648238e-02,2.151557857820928787e-01
2.319069841264267962e-01,2.014967747110270602e-01,1.573280380663177880e-02,2.987164493219910955e-01
2.319069841264267962e-01,2.191134609401109989e-01,1.006290812415110286e-01,3.694044636586660824e-01
2.319069841264267962e-01,2.295025598815736700e-01,1.812615814688866012e-01,3.498567884366733938e-01
2.319069841264267962e-01,2.387234436115355241e-01,2.318399477913277440e-01,5.370231360720347791e-01
2.319069841264267962e-01,2.410769291780489598e-01,3.233935534811005486e-01,3.895700754773411822e-01
2.319069841264267962e-01,2.372323243539921633e-01,3.432465667613458504e-01,2.827013116443664043e-01
2.319069841264267962e-01,2.261805778032185965e-01,3.250858091953438556e-01,-3.549914670480762424e-02
2.319069841264267962e-01,2.159574103940617718e-01,2.169107923536987559e-01,-7.864914430397908218e-02
2.319069841264267962e-01,2.119778668882201511e-01,1.282428135863389884e-01,-5.623054501647547360e-02
2.319069841264267962e-01,2.159323535178077902e-01,7.290287433632607061e-02,1.501087835590720343e-01
2.319069841264267962e-01,2.198676037844466968e-01,9.606468398838173550e-02,8.947122708716583050e-02
2.319069841264267962e-01,2.267233647608949132e-01,9.408406565430883772e-02,3.282535377631408680e-01
2.319069841264267962e-01,2.309343462876929098e-01,1.643339393046052699e-01,2.891465776012784872e-01
2.319069841264267962e-01,2.223456164329934703e-01,2.017774580026241715e-01,-1.186730849246153963e-01
2.319069841264267962e-01,2.226396956719923770e-01,1.056429305958159065e-01,1.918148224972836269e-01
2.319069841264267962e-01,2.228935905331630996e-01,1.314943519152871887e-01,-4.290511681604677191e-02
2.319069841264267962e-01,2.302772241574096712e-01,7.917308018327653962e-02,2.316519777375591060e-01
2.319069841264267962e-01,2.346836148292396618e-01,1.249169422314746897e-01,3.926446845528646645e-01
2.319069841264267962e-01,2.336396187745967412e-01,2.052358525125055899e-01,7.528284106679437870e-02
2.319069841264267962e-01,2.293993970990493847e-01,1.662469759215284837e-01,-7.232812105370300948e-02
2.319069841264267962e-01,2.290648951370598263e-01,9.467589760668788934e-02,1.047743332772495817e-01
2.319069841264267962e-01,2.313827673605759749e-01,9.770554967041622518e-02,3.667041743579208674e-02
2.319069841264267962e-01,2.367205070240652742e-01,7.939439222439473309e-02,3.463049637803483627e-01
2.319069841264267962e-01,2.398468157189601879e-01,1.594679534910165286e-01,2.687898735714172038e-01
2.319069841264267962e-01,2.359729478394431978e-01,1.922652601252294313e-01,-2.537879646588375726e-02
2.319069841264267962e-01,2.374860744650720001e-01,1.269716794105029967e-01,3.688125553004499846e-01
2.319069841264267962e-01,2.386970688310783850e-01,1.995238001879605094e-01,2.323674734151117416e-01
2.319069841264267962e-01,2.338171162942785930e-01,2.093770101239606496e-01,4.817106014086610516e-02
2.319069841264267962e-01,2.297114958998051348e-01,1.610150559422566796e-01,-1.219334962995504423e-01
2.319069841264267962e-01,2.404554648739837819e-01,7.613035984178730120e-02,4.818751972475955325e-01
2.319069841264267962e-01,2.435327568117189312e-01,1.978544059555998047e-01,3.124390422259238909e-01
2.319069841264267962e-01,2.360534281359975839e-01,2.322305685219421822e-01,5.203831334177042717e-02
2.319069841264267962e-01,2.278954007094655398e-01,1.781712963678868944e-01,-2.976934833742104214e-01
2.319069841264267962e-01,2.419792887190771458e-01,3.541103004447587743e-02,4.499183252698915059e-01
2.319069841264267962e-01,2.527645682437461017e-01,1.597631743833714535e-01,3.755749350835685951e-01
2.319069841264267962e-01,2.536215476134451863e-01,2.245071082359021419e-01,4.703370102129352248e-01
2.319069841264267962e-01,2.473182364656983656e-01,2.982561994393420068e-01,2.650152172332581602e-01
2.319069841264267962e-01,2.308943198041563949e-01,2.882844082143294351e-01,-1.295108970029904272e-01
2.319069841264267962e-01,2.255491807145149075e-01,1.629454076852240585e-01,-1.037181298307079669e-01
2.319069841264267962e-01,2.297094150574439941e-01,8.294513093278926830e-02,1.620249418120364715e-01
2.319069841264267962e-01,2.337542803381753576e-01,1.066682372318693006e-01,3.626183026792508257e-01
2.319069841264267962e-01,2.313713679028932824e-01,1.834531673228041448e-01,1.339828854278298786e-01
2.319069841264267962e-01,2.245383547425698623e-01,1.686100677941921588e-01,-1.658149997517339991e-01
2.319069841264267962e-01,2.337538291613348862e-01,6.828167729223691418e-02,4.650545885788710532e-01
2.319069841264267962e-01,2.390614496030305514e-01,1.873132097070346336e-01,3.551455766902185673e-01
2.319069841264267962e-01,2.260180806328890846e-01,2.376641030524926923e-01,-3.731075891544212708e-01
2.319069841264267962e-01,2.359914399156662346e-01,5.443147973363091086e-02,4.168645222063190880e-01
2.319069841264267962e-01,2.440799238313246522e-01,1.631607594714242493e-01,2.792824369830851361e-01
2.319069841264267962e-01,2.412049998977808252e-01,1.979974595900068635e-01,8.705069453655502054e-02
2.319069841264267962e-01,2.368402543028473306e-01,1.647114303644339750e-01,3.223269640404137493e-02
2.319069841264267962e-01,2.375671362278454213e-01,1.249670020258858705e-01,3.978270191836177361e-01
2.319069841264267962e-01,2.362885162170277331e-01,2.068257177541096281e-01,2.458352142862915424e-01
2.319069841264267962e-01,2.274071046288847764e-01,2.185298619695931199e-01,-8.992452103153522613e-02
2.319069841264267962e-01,2.273068640213613267e-01,1.259932276012678265e-01,9.003354939014684977e-02
2.319069841264267962e-01,2.257324367446307822e-01,1.152043720183389408e-01,3.026335119576582799e-02
2.319069841264267962e-01,2.257595975452164339e-01,8.972128508147556025e-02,2.572516865367568406e-01
2.319069841264267962e-01,2.225297146085622180e-01,1.399805450887126046e-01,4.271823780892886752e-02
2.319069841264267962e-01,2.204245677862737562e-01,1.108036851601700845e-01,-1.763919676849033946e-01
2.319069841264267962e-01,2.324559073465968240e-01,2.464400893828597172e-02,5.388515730109153523e-01
2.319069841264267962e-01,2.430992143371653591e-01,1.789071276553891587e-01,4.152012428669155097e-01
2.319069841264267962e-01,2.406052058225781054e-01,2.497959213511471155e-01,2.387148057841253501e-01
2.319069841264267962e-01,2.285907976108938755e-01,2.464719293562356861e-01,-2.588497548398590031e-01
2.319069841264267962e-01,2.352625779641187298e-01,9.487472114183559402e-02,4.537637634363977934e-01
2.319069841264267962e-01,2.371647600184058069e-01,2.025413810852937646e-01,3.249549734846985394e-01
2.319069841264267962e-01,2.311104656006056357e-01,2.392657902221392852e-01,-2.087914133432919317e-02
2.319069841264267962e-01,2.234637785254395825e-01,1.612206253845799298e-01,-9.756235780666590307e-02
2.319069841264267962e-01,2.195031301101520727e-01,8.358486981622553769e-02,-2.553028455882803138e-01
2.319069841264267962e-01,2.278611202730635998e-01,-1.808276898062610716e-02,2.916997792666618516e-01
2.319069841264267962e-01,2.351806051429531086e-01,7.484933168867674569e-02,1.881278944305020961e-01
2.319069841264267962e-01,2.346230144421022623e-01,1.088330388231662782e-01,1.489808620166124253e-01
2.319069841264267962e-01,2.325124101199690929e-01,1.208788823293234782e-01,6.723618305690402461e-03
2.319069841264267962e-01,2.357670713401919804e-01,8.663140196273380611e-02,3.387378620201864088e-01
2.319069841264267962e-01,2.365303047128987368e-01,1.622634500357548748e-01,1.199781014780787886e-01
2.319069841264267962e-01,2.333981401772705910e-01,1.495758082339467832e-01,1.830943327167381951e-01
2.319069841264267962e-01,2.297690774535036951e-01,1.596336512437995236e-01,2.071685807629439213e-01
2.319069841264267962e-01,2.243004614570890953e-01,1.738940196829776852e-01,-1.242042728522228245e-01
2.319069841264267962e-01,2.264466871576591989e-01,8.446364435613047672e-02,1.510377482427513116e-02
2.319069841264267962e-01,2.316591594250294595e-01,6.365576040898970889e-02,2.955542992286042669e-01
2.319069841264267962e-01,2.345155938851227195e-01,1.332257800664921610e-01,2.846584853742224475e-01
2.319069841264267962e-01,2.304431146903537231e-01,1.786564702222551149e-01,-1.293079141936559484e-01
2.319069841264267962e-01,2.394380085120889345e-01,8.626603116623753065e-02,3.102098827667704728e-01
2.319069841264267962e-01,2.420164271116310717e-01,1.534492893331187158e-01,2.881201474634861315e-01
2.319069841264267962e-01,2.371472585398546884e-01,1.938514306984547575e-01,1.810089839564490710e-01
2.319069841264267962e-01,2.281294966295097648e-01,1.900000255160773366e-01,-1.437788189534954797e-01
2.413352447564589762e-02,2.359408529657103515e-01,8.986602459938325405e-02,3.622460426931282118e-01
2.413352447564589762e-02,2.314851390374055018e-01,1.715797815300797446e-01,6.318450386991710799e-01
2.413352447564589762e-02,2.203149858748194856e-01,3.096596599449993881e-01,6.275052512553188633e-01
2.413352447564589762e-02,1.947851155997094852e-01,4.050138900183118951e-01,6.641771667192241102e-01
2.413352447564589762e-02,1.594569188077871735e-01,4.827630993806003024e-01,4.339946609339273009e-01
2.413352447564589762e-02,1.142465316436898082e-01,4.681336758791702635e-01,2.393627029430711872e-01
2.413352447564589762e-02,6.479161448116070587e-02,3.995021398766522291e-01,-4.518733455843348956e-01
2.413352447564589762e-02,3.788742129518016255e-02,1.440906079998791611e-01,-2.221730175979645117e-01
2.413352447564589762e-02,6.945587658798286351e-03,3.421173863289060646e-02,-7.000524121071943773e-01
2.413352447564589762e-02,1.383216346764427548e-02,-1.860671203428638787e-01,6.210562402281238903e-02
2.413352447564589762e-02,9.621775417687175591e-03,-1.116180425531996395e-01,-2.919358123212431599e-01
2.413352447564589762e-02,7.772145782277352540e-03,-1.657149941755446942e-01,-4.130904276287025167e-01
2.413352447564589762e-02,1.793340678084030457e-02,-2.399290443008825768e-01,1.410235239329697965e-01
2.413352447564589762e-02,2.448014134117103280e-02,-1.256424827861236104e-01,1.037647559557303700e-01
2.413352447564589762e-02,2.371391653006254055e-02,-5.681951594880832457e-02,-5.195905829190804875e-02
2.413352447564589762e-02,2.200855019925663375e-02,-5.536206036717202655e-02,-1.490454644789928618e-01
2.413352447564589762e-02,2.453650478085509651e-02,-8.346275754740981045e-02,7.266054285469103480e-02
2.413352447564589762e-02,1.683277655868828382e-02,-3.662615956754641799e-02,-2.236449238459106981e-01
2.413352447564589762e-02,1.645182696378685513e-02,-9.273290125219318947e-02,-8.126446732268047257e-02
2.413352447564589762e-02,2.193949896575005457e-02,-8.929763015204779386e-02,7.987120755067569911e-02
2.413352447564589762e-02,2.232141686651051282e-02,-3.854502075823916518e-02,-9.596817501398226258e-02
2.413352447564589762e-02,2.459379829817219185e-02,-5.576951200671723119e-02,5.468926134153812881e-03
2.413352447564589762e-02,2.473069135535553575e-02,-3.740529905295220114e-02,-1.022900409050719883e-01
2.413352447564589762e-02,2.742563549295850417e-02,-5.686679538959434066e-02,4.522453246901863427e-02
2.413352447564589762e-02,2.354420654710911998e-02,-2.624090924964775709e-02,-1.579550334954474278e-01
2.413352447564589762e-02,2.404710491559215041e-02,-6.575643699662692132e-02,-1.304862069314208783e-01
2.413352447564589762e-02,3.129949061804179755e-02,-8.516448127002210211e-02,2.453521002197943668e-01
2.413352447564589762e-02,3.404597467554030393e-02,1.399115033877999792e-02,2.958463210839152313e-01
2.413352447564589762e-02,2.421937483351902301e-02,9.854850924027983017e-02,-2.949109897807549729e-01
2.413352447564589762e-02,2.254787675166883623e-02,-1.948918260288547144e-02,-8.024140774814272903e-02
2.413352447564589762e-02,2.214122479799513626e-02,-3.771397089223026827e-02,-6.734048326428344888e-02
2.413352447564589762e-02,2.246576708996817287e-02,-4.659977675160702909e-02,1.276909800990035440e-02
2.413352447564589762e-02,2.303891616162675321e-02,-2.878825184356218272e-02,1.380502190085994285e-01
2.413352447564589762e-02,1.692967807488054630e-02,2.126289888259158892e-02,-2.057807513428493995e-01
2.413352447564589762e-02,1.394279728003696740e-02,-4.685098947242041789e-02,-3.405116677463148056e-01
2.413352447564589762e-02,2.241811858206126454e-02,-1.349503936229747569e-01,2.320071040271373848e-04
2.413352447564589762e-02,3.148603049540263377e-02,-9.438951798633973822e-02,4.564549709417069501e-01
2.413352447564589762e-02,2.682244635383439560e-02,7.086362529889819739e-02,-3.713330812276148182e-03
2.413352447564589762e-02,1.766320962432013295e-02,4.848296819946729119e-02,-4.861956039527337015e-01
2.413352447564589762e-02,2.105083565772909032e-02,-1.119205884161972309e-01,-4.901290512708886965e-02
2.413352447564589762e-02,2.674317889819912905e-02,-9.305089919518846897e-02,1.493928197477340514e-01
2.413352447564589762e-02,2.511227069976756238e-02,-2.031669905263774889e-02,2.095011041619060377e-02
2.413352447564589762e-02,2.020353632835056659e-02,-7.937040004349348379e-03,-9.630335880430394846e-02
2.413352447564589762e-02,1.841279358608166952e-02,-3.444639130603042304e-02,-1.475050234448691822e-01
2.413352447564589762e-02,2.134771960463057935e-02,-6.835981477981481480e-02,2.966751051375263182e-02
2.413352447564589762e-02,2.229561011462840095e-02,-3.895383697839166492e-02,-8.161046500344411314e-02
2.413352447564589762e-02,2.498691317628959005e-02,-5.175244356003100982e-02,2.184825317144142021e-01
2.413352447564589762e-02,2.563469489706251062e-02,2.931892001281504595e-02,1.040240084460657688e-01
2.413352447564589762e-02,1.617170035342345435e-02,5.173342074700981730e-02,-2.842431570798462093e-01
2.413352447564589762e-02,1.410642838019263330e-02,-4.905989298499399687e-02,-8.579497247069062249e-02
2.413352447564589762e-02,1.533395540022343927e-02,-6.007769111963549846e-02,-1.758067068264394517e-01
2.413352447564589762e-02,2.187610606223868923e-02,-9.478243891067270055e-02,-2.112051111406364201e-02
2.413352447564589762e-02,2.621573161053328271e-02,-7.269176684753145268e-02,1.214454200149283764e-01
2.413352447564589762e-02,2.409406553853494712e-02,-1.447483463537121984e-02,-1.829892834953021630e-02
2.413352447564589762e-02,1.765865361966826447e-02,-1.562259488446968159e-02,-3.287784561766712299e-01
2.413352447564589762e-02,1.049341247283057908e-02,-1.095698259550145492e-01,-3.636692630273963833e-01
2.413352447564589762e-02,3.366379793779862573e-02,-1.858007484023266043e-01,4.082171549230477203e-01
2.413352447564589762e-02,5.111659131050778904e-02,-7.593843001955730143e-03,5.942849798176704779e-01
2.413352447564589762e-02,5.278836065865007837e-02,1.729709468601488553e-01,3.771692115030093606e-01
2.413352447564589762e-02,2.885748900416438764e-02,2.342311747327428528e-01,-4.014950814588490458e-01
2.413352447564589762e-02,6.608029359790190335e-03,4.351396324536904725e-02,-5.694547425214779857e-01
2.413352447564589762e-02,1.102182680711380480e-02,-1.403763717425869084e-01,-2.149833721089427496e-01
2.413352447564589762e-02,2.408337304905512968e-02,-1.627582282337984021e-01,2.482484439498506557e-01
2.413352447564589762e-02,2.863575405838162877e-02,-3.945545064592617668e-02,2.736504130381100033e-02
2.413352447564589762e-02,2.506313930149605546e-02,-1.941285920829868492e-02,-7.101917217644256042e-02
2.413352447564589762e-02,2.343325390322343119e-02,-3.489375663432885827e-02,-2.668011476244274913e-02
2.413352447564589762e-02,2.144746315385857860e-02,-3.242982478777137190e-02,-9.793171536331926608e-03
2.413352447564589762e-02,1.848439926364576699e-02,-2.563931302854715807e-02,-1.029834406679553532e-01
2.413352447564589762e-02,1.464525477282889107e-02,-4.884251328410271764e-02,-2.746659824720819043e-01
2.413352447564589762e-02,2.197537497357856390e-02,-1.165905940270033914e-01,-2.747921913406164290e-02
2.413352447564589762e-02,2.660876770093931198e-02,-8.986634004829785471e-02,1.549710083073921676e-02
2.413352447564589762e-02,2.808673907333790465e-02,-5.827336591350244788e-02,1.451969366295031427e-01
2.413352447564589762e-02,2.227358354545120808e-02,2.769749314100802828e-03,-2.308673386999080257e-01
2.413352447564589762e-02,1.937428643584815369e-02,-6.732236996051831068e-02,-1.443741446883447521e-01
2.413352447564589762e-02,2.468941170371097629e-02,-9.042203720492753005e-02,2.183115692559987053e-01
2.413352447564589762e-02,1.574561357284502000e-02,2.198736612539720081e-03,-2.232737873808729179e-01
2.413352447564589762e-02,6.457317773513281817e-03,-6.544277784260030262e-02,-5.671341565340426438e-01
2.413352447564589762e-02,1.748475893342095119e-02,-2.159500840000482813e-01,1.652830593314232044e-02
2.413352447564589762e-02,2.733799869133290636e-02,-1.462075073921614288e-01,3.484372195459310984e-01
2.413352447564589762e-02,2.509811174605987294e-02,2.186760311783331190e-03,-7.857897104955280376e-02
2.413352447564589762e-02,2.134589718966894631e-02,-2.204320525530718486e-02,-1.232430069373533221e-01
2.413352447564589762e-02,2.166962287739972876e-02,-5.240014814394909626e-02,-4.050714831389057823e-03
2.413352447564589762e-02,2.019358993055594270e-02,-3.789755462263816321e-02,-5.777716541656598148e-02
2.413352447564589762e-02,1.774025689730424071e-02,-4.386148567543955712e-02,-1.130341325996168378e-01
2.413352447564589762e-02,1.743431151866775553e-02,-6.461030642660299528e-02,-3.096570635796323523e-01
2.413352447564589762e-02,3.552389512688787498e-02,-1.381240373142417766e-01,4.897409683628206611e-01
2.413352447564589762e-02,4.102023556434991614e-02,5.023644594945617103e-02,3.275292411704233686e-01
2.413352447564589762e-02,2.855829181671760628e-02,1.334251197780069731e-01,-1.443980663247769469e-01
2.413352447564589762e-02,1.832135317691388487e-02,5.007782114480822944e-02,-2.810269843476281837e-01
2.413352447564589762e-02,9.231168921349269113e-03,-4.925392701422115493e-02,-3.279790241114025617e-01
2.413352447564589762e-02,9.678987471443922103e-03,-1.328726521305380881e-01,-3.211565359502429606e-01
2.413352447564589762e-02,2.345335241101611373e-02,-1.893595673053994344e-01,2.612888723017488535e-01
2.413352447564589762e-02,3.756785875510976896e-02,-5.416594763579649086e-02,4.025250226000316456e-01
2.413352447564589762e-02,2.471704142692476500e-02,8.284103708596463056e-02,-3.201189642283588932e-01
2.413352447564589762e-02,2.711982452244772468e-02,-3.804639398225367897e-02,6.711137858972558712e-02
2.413352447564589762e-02,3.051280598189325122e-02,-6.498507659129786063e-03,-1.091435195228227829e-02
2.413352447564589762e-02,3.087224610813372669e-02,-7.821717347131874193e-03,8.843299997798223511e-02
2.413352447564589762e-02,3.064025472032051722e-02,2.105475379016442244e-02,1.286103948534613600e-02
2.413352447564589762e-02,2.663691709101070546e-02,1.859460584535636146e-02,-4.535017957701072827e-02
2.413352447564589762e-02,2.403606009589342313e-02,-5.902195219552527905e-04,-9.482663077836850363e-02
-2.001092371678136472e-01,2.642830314034518707e-02,-2.886110590233112103e-02,7.595742185150604620e-01
-2.001092371678136472e-01,8.510180348687210183e-03,2.076689722454492792e-01,6.703076595188564024e-01
-2.001092371678136472e-01,-4.300826573128372493e-02,3.464616272153314691e-01,5.955614870236051184e-01
-2.001092371678136472e-01,-1.006201301573900475e-01,4.211920159102104932e-01,-2.768577380417845957e-01
-2.001092371678136472e-01,-1.446848348284850982e-01,2.117782347971735313e-01,-6.003447844157125957e-01
-2.001092371678136472e-01,-1.812109319309128663e-01,-3.185906900494903105e-02,-7.853981633974482790e-01
-2.001092371678136472e-01,-2.026776470017351839e-01,-2.579215720222793329e-01,-7.687102706568749166e-01
-2.001092371678136472e-01,-2.075764036497666498e-01,-4.111578185577633993e-01,-6.265207659046951871e-01
-2.001092371678136472e-01,-1.932683937263081353e-01,-4.757664623546108973e-01,4.781661732661448005e-01
-2.001092371678136472e-01,-1.980503056449553212e-01,-1.895862507606980718e-01,-3.838902082595017085e-01
-2.001092371678136472e-01,-2.033418353957369695e-01,-2.478769280938922237e-01,-5.572327056531557465e-01
-2.001092371678136472e-01,-2.020714937783281706e-01,-3.406836961280015341e-01,9.845817861834130214e-02
-2.001092371678136472e-01,-2.027669509959734717e-01,-2.089415930522726672e-01,7.186097034928677629e-02
-2.001092371678136472e-01,-2.147489882849521470e-01,-1.247000619134406435e-01,-7.198483386755664126e-01
-2.001092371678136472e-01,-2.244205958692972180e-01,-3.032445342059663096e-01,-6.606701424661585165e-01
-2.001092371678136472e-01,-2.172588126446899082e-01,-4.104726174724092069e-01,-1.502520324973938837e-01
-2.001092371678136472e-01,-2.010931970088265242e-01,-3.324056174237871586e-01,2.036141345574208339e-01
-2.001092371678136472e-01,-2.024604030043604674e-01,-1.715998742851776726e-01,-2.682134136281181247e-01
-2.001092371678136472e-01,-2.059722103929075010e-01,-2.005834670184248325e-01,-5.031341355219918210e-01
-2.001092371678136472e-01,-2.012411602289584656e-01,-2.913482188495128966e-01,2.935882309568262766e-02
-2.001092371678136472e-01,-2.017581310365946512e-01,-1.951351479612031536e-01,-3.090138009451616208e-01
-2.001092371678136472e-01,-1.964847581109980812e-01,-2.292995346895675690e-01,1.906634006387986774e-02
-2.001092371678136472e-01,-1.942780766028245620e-01,-1.547911597552610596e-01,3.899011396903516447e-02
-2.001092371678136472e-01,-2.063461852622649473e-01,-9.665613484053460491e-02,-7.444233962453561393e-01
-2.001092371678136472e-01,-2.140881150424966406e-01,-2.909877183816380608e-01,-7.853981633974482790e-01
-2.001092371678136472e-01,-2.047751094491382096e-01,-4.393114844503666072e-01,-2.364435142842890580e-01
-2.001092371678136472e-01,-1.856039173595699920e-01,-3.784504342206765348e-01,3.115705604273137919e-01
-2.001092371678136472e-01,-1.932816859754204752e-01,-1.714430689154335941e-01,-4.863205488600477189e-01
-2.001092371678136472e-01,-1.941572600857187081e-01,-2.659068647510951511e-01,-9.590375980511597204e-03
-2.001092371678136472e-01,-1.908129882184512738e-01,-1.890110508508600073e-01,6.399594824811824512e-02
-2.001092371678136472e-01,-1.953874899191814507e-01,-1.131089313471664304e-01,-2.237880791574754502e-01
-2.001092371678136472e-01,-1.976788821840174126e-01,-1.463128275630273256e-01,-1.818863602969810755e-01
-2.001092371678136472e-01,-1.998802483004816777e-01,-1.569865904874591378e-01,-2.040796936069668166e-01
-2.001092371678136472e-01,-2.007997748708870989e-01,-1.711155876989315094e-01,-7.107160316040348792e-03
-2.001092371678136472e-01,-2.094327320487074096e-01,-1.219120657866133162e-01,-6.383607587907806913e-01
-2.001092371678136472e-01,-2.179629079377393142e-01,-2.768465531382209299e-01,-6.575356122661082381e-01
-2.001092371678136472e-01,-2.163644863708172050e-01,-3.910533758235719692e-01,-4.646304593693298957e-01
-2.001092371678136472e-01,-2.033587536532482920e-01,-4.131270901395309170e-01,2.127148425984401181e-01
-2.001092371678136472e-01,-1.978943750725932205e-01,-2.253733812603768150e-01,2.517460587138303785e-01
-2.001092371678136472e-01,-2.111487916901429451e-01,-8.223751984119120895e-02,-7.853981633974482790e-01
-2.001092371678136472e-01,-2.152743105520545375e-01,-2.931854120518255780e-01,-7.218483934601619412e-01
-2.001092371678136472e-01,-2.013903104211614836e-01,-4.217850684914553616e-01,9.869486706022209677e-02
-2.001092371678136472e-01,-1.909826948904200794e-01,-2.656409166315387704e-01,2.255039767343541279e-01
-2.001092371678136472e-01,-1.849070609791562403e-01,-1.182961614536510164e-01,2.384564895613606739e-01
-2.001092371678136472e-01,-2.017849174052591399e-01,-1.127002692323762767e-02,-6.846496402342062693e-01
-2.001092371678136472e-01,-2.110571206847975945e-01,-2.132838180267789263e-01,-5.892838129618538368e-01
-2.001092371678136472e-01,-2.077910789274049486e-01,-3.260837666747237740e-01,-2.180371024176389338e-01
-2.001092371678136472e-01,-1.876566564124930170e-01,-2.936701784936021631e-01,5.019720870265790280e-01
-2.001092371678136472e-01,-1.995743146951084734e-01,-5.497744954365851866e-02,-7.052200941504654930e-01
-2.001092371678136472e-01,-2.049998877992109392e-01,-2.500502382940775759e-01,-5.624114356537615045e-01
-2.001092371678136472e-01,-1.976154952537058362e-01,-3.437589453706089149e-01,2.396588443756934028e-01
-2.001092371678136472e-01,-1.968211158814953676e-01,-1.687333401224853646e-01,-1.790555552968759595e-02
-2.001092371678136472e-01,-1.981633911912097090e-01,-1.234846469628126664e-01,-5.837548720764161592e-02
-2.001092371678136472e-01,-2.011328199910930037e-01,-1.039510218358539045e-01,-4.027403641412997670e-01
-2.001092371678136472e-01,-1.988723436536001254e-01,-1.935867838282386288e-01,-5.863932740907360636e-02
-2.001092371678136472e-01,-1.991175372568033120e-01,-1.531013948140983461e-01,-5.488002585907456737e-02
-2.001092371678136472e-01,-2.025735287785225547e-01,-1.236357060632793659e-01,-5.032314137225907258e-01
-2.001092371678136472e-01,-2.030873277962612078e-01,-2.375150317463495531e-01,-3.425829724930429809e-01
-2.001092371678136472e-01,-1.934529626542272618e-01,-2.690363221094382307e-01,5.492323460746380281e-02
-2.001092371678136472e-01,-1.959575272445337191e-01,-1.718473336023283449e-01,-3.987126346787721598e-01
-2.001092371678136472e-01,-1.930359042056499774e-01,-2.399077882357790181e-01,-7.354672011038791701e-02
-2.001092371678136472e-01,-1.889090113281701733e-01,-1.899971697519238223e-01,1.717433055694669863e-01
-2.001092371678136472e-01,-1.884622078346505358e-01,-8.147678945625870528e-02,-9.318249811078636868e-02
-2.001092371678136472e-01,-1.922603182604780692e-01,-8.498849007019912416e-02,1.045024411747092971e-02
-2.001092371678136472e-01,-2.050107517984408600e-01,-5.635560932301067472e-02,-7.853981633974482790e-01
-2.001092371678136472e-01,-2.194952611537635545e-01,-2.750687552190341778e-01,-7.435176978108094525e-01
-2.001092371678136472e-01,-2.188572278686084505e-01,-4.156040235541751393e-01,-7.292692502257756004e-01
-2.001092371678136472e-01,-2.067020480326079435e-01,-5.097040401371709661e-01,2.816648634435672122e-02
-2.001092371678136472e-01,-1.912495276028269853e-01,-3.483423879581943883e-01,3.956818429255589131e-01
-2.001092371678136472e-01,-1.881882736413656443e-01,-1.251341802367216260e-01,2.012315208434246327e-01
-2.001092371678136472e-01,-2.082799044696616586e-01,-2.722381029540030251e-02,-7.853981633974482790e-01
-2.001092371678136472e-01,-2.220394866271924172e-01,-2.546761378934203068e-01,-7.853981633974482790e-01
-2.001092371678136472e-01,-2.153368338601419352e-01,-4.138926979026492092e-01,-3.487898647264469076e-01
-2.001092371678136472e-01,-1.966037181658539801e-01,-3.943620406809112966e-01,3.792957560364106362e-01
-2.001092371678136472e-01,-2.047792192935642130e-01,-1.622636807934390024e-01,-5.921429400559735656e-01
-2.001092371678136472e-01,-2.100200286596700938e-01,-2.912276722889662883e-01,-6.718632680876259755e-01
-2.001092371678136472e-01,-2.046974744297821447e-01,-4.054190514844601689e-01,-1.086876508426338622e-01
-2.001092371678136472e-01,-1.905267381108839142e-01,-3.164005107446358211e-01,3.806426705636641872e-01
-2.001092371678136472e-01,-1.867007820333722035e-01,-1.072864234517464099e-01,1.034873398745227713e-01
-2.001092371678136472e-01,-1.971188735978933460e-01,-4.405462074705163156e-02,-7.333525471686261898e-01
-2.001092371678136472e-01,-2.007139692800066488e-01,-2.508437787214923276e-01,-2.843769497157036530e-01
-2.001092371678136472e-01,-1.934383524180095792e-01,-2.609046470757881431e-01,2.512609784854346606e-01
-2.001092371678136472e-01,-2.055077686607284237e-01,-1.072546386988791900e-01,-7.853981633974482790e-01
-2.001092371678136472e-01,-2.165558118666224552e-01,-3.106976780419267170e-01,-6.376540172150144681e-01
-2.001092371678136472e-01,-2.137793908236968743e-01,-4.087851400617278919e-01,-4.155975181162273602e-01
-2.001092371678136472e-01,-1.986063356362854637e-01,-4.108301124594441744e-01,3.160973205050410240e-01
-2.001092371678136472e-01,-2.006921097921529895e-01,-1.927510354876015020e-01,-4.460717635823003846e-01
-2.001092371678136472e-01,-1.997237507558283220e-01,-2.687471085619037026e-01,1.123436820795812793e-02
-2.001092371678136472e-01,-2.002877493410821219e-01,-1.847518080882298019e-01,-2.305430156134068154e-01
-2.001092371678136472e-01,-1.980767079826945831e-01,-1.984889829498591718e-01,-1.002605873187555202e-01
-2.001092371678136472e-01,-1.974943900800040231e-01,-1.690194664822042281e-01,3.054273343887195513e-02
-2.001092371678136472e-01,-2.025782743217981186e-01,-1.091531899374872105e-01,-5.373857525021789039e-01
-2.001092371678136472e-01,-2.081587086308477885e-01,-2.376235044709723299e-01,-6.507037614292413563e-01
-2.001092371678136472e-01,-2.043480455268373852e-01,-3.615482334996336089e-01,-2.738980558105683430e-02
-2.001092371678136472e-01,-1.917456144276424579e-01,-2.612994120425303213e-01,4.617748432786004109e-01
-2.001092371678136472e-01,-2.047187180902579617e-01,-4.437702968349369059e-02,-7.565342513396540181e-01
-2.001092371678136472e-01,-2.159539904558190615e-01,-2.580241937340995717e-01,-7.213687435836764195e-01
-2.001092371678136472e-01,-2.137311298081461530e-01,-3.970275281487714025e-01,-5.113335455860469336e-01
-2.001092371678136472e-01,-1.891799702169311148e-01,-4.313197647538929980e-01,5.302753620630195064e-01
-2.001092371678136472e-01,-1.965250323860125437e-01,-1.428399755998480125e-01,-6.086884733124173774e-01
1.970656283959272836e-01,-1.998717926771213793e-01,-2.825940090567138352e-01,-7.853981633974482790e-01
1.970656283959272836e-01,-1.903169875262145649e-01,-4.334346671227633507e-01,-7.853981633974482790e-01
1.970656283959272836e-01,-1.678710487260315076e-01,-5.390241059548639413e-01,-7.560422895446134994e-01
1.970656283959272836e-01,-1.302914743705061718e-01,-6.041296504631892272e-01,-7.634282703432174744e-01
1.970656283959272836e-01,-8.537549165551831798e-02,-6.519196032220488934e-01,-7.760452248728740843e-01
1.970656283959272836e-01,-3.117060051451634589e-02,-6.891569818999347952e-01,-3.333543234884832618e-01
1.970656283959272836e-01,2.733012810590768754e-02,-5.824162977240954220e-01,-4.143330419485766192e-02
1.970656283959272836e-01,8.658613222449215718e-02,-4.201205207487080928e-01,3.096809852160645193e-01
1.970656283959272836e-01,1.361507075418666723e-01,-2.011790459620574345e-01,2.708134286720380590e-01
1.970656283959272836e-01,1.798628996428173199e-01,-5.958004694033178228e-02,4.986446857069581906e-01
1.970656283959272836e-01,2.166552002415096656e-01,1.078882537814171982e-01,3.510242204706178759e-01
1.970656283959272836e-01,2.387022070112752026e-01,1.808297043237009905e-01,4.332572565952195753e-01
1.970656283959272836e-01,2.538738948902203862e-01,2.565584206122372701e-01,5.539093770974675701e-01
1.970656283959272836e-01,2.586699873752125733e-01,3.457642915550821483e-01,4.657281394692548981e-01
1.970656283959272836e-01,2.516765805997124850e-01,3.817532964631338288e-01,3.341538959938875064e-01
1.970656283959272836e-01,2.416617010255510678e-01,3.674727994703939626e-01,4.846062897514178403e-01
1.970656283959272836e-01,2.284270167184644373e-01,4.026126189652983189e-01,2.410162450997391792e-01
1.970656283959272836e-01,2.107661565344830790e-01,3.541328523570133613e-01,-7.277720179400412603e-02
1.970656283959272836e-01,2.012082909407016673e-01,2.260601453538154948e-01,-2.827818306554492553e-02
1.970656283959272836e-01,1.928253500798429720e-01,1.497567345503474923e-01,-2.234051925344250067e-01
1.970656283959272836e-01,2.076670463383413767e-01,3.780753227155743412e-02,4.080864519701736803e-01
1.970656283959272836e-01,2.155765922512867250e-01,1.488909160661928688e-01,4.601921765770367601e-01
1.970656283959272836e-01,2.097017005491229324e-01,2.422816405750355950e-01,2.545149764275101908e-02
1.970656283959272836e-01,2.011456954391823426e-01,1.772311134875465821e-01,8.955492940798916862e-03
1.970656283959272836e-01,1.986167518647011243e-01,1.267477460972000758e-01,-2.177210652991386913e-02
1.970656283959272836e-01,2.012644421037946552e-01,8.219070191841545969e-02,2.896059104714790999e-01
1.970656283959272836e-01,2.028947643011061730e-01,1.444152563257154742e-01,1.892344690723490319e-01
1.970656283959272836e-01,1.983568550460985680e-01,1.578613002988996095e-01,7.257496799872623083e-02
1.970656283959272836e-01,1.954067379631798385e-01,1.322767359710559365e-01,-7.604112417232940235e-02
1.970656283959272836e-01,1.995043588872998375e-01,6.978529747771450298e-02,1.727686121861744806e-01
1.970656283959272836e-01,1.982713192801374424e-01,1.006814514373519237e-01,3.189975965588943974e-02
1.970656283959272836e-01,2.018325932155636271e-01,8.004536694688599296e-02,3.856879356220622723e-01
1.970656283959272836e-01,2.061704805404056540e-01,1.717375206886772032e-01,3.076847691285090058e-01
1.970656283959272836e-01,2.040988954775582453e-01,2.125224927039368605e-01,2.920472281621601662e-01
1.970656283959272836e-01,1.948263554463937619e-01,2.363810036035306483e-01,2.455455330999073774e-02
1.970656283959272836e-01,1.852405314232637157e-01,1.728320552963449885e-01,-7.066966349228867572e-02
1.970656283959272836e-01,1.779229377289895941e-01,9.978124626983853052e-02,-1.926304988049044598e-01
1.970656283959272836e-01,1.735041307402208910e-01,1.205783190094883439e-02,-3.365161927015988819e-01
1.970656283959272836e-01,2.026872871869642434e-01,-9.251320699594152430e-02,4.262283214347137861e-01
1.970656283959272836e-01,2.171135763283534581e-01,6.310954193244643073e-02,4.272767538604183568e-01
1.970656283959272836e-01,2.166686136326537171e-01,1.723589371674159876e-01,2.796406529556468290e-01
1.970656283959272836e-01,2.075745893057507896e-01,2.045439741568238490e-01,-1.547818822581045056e-02
1.970656283959272836e-01,2.018099220685932171e-01,1.385363194336709236e-01,1.332246959490519245e-01
1.970656283959272836e-01,1.968069711995787674e-01,1.369422863706252491e-01,-8.167047975472796484e-02
1.970656283959272836e-01,1.978351742002484037e-01,7.135683661273609091e-02,1.183189417159864060e-01
1.970656283959272836e-01,1.979229628384140960e-01,8.544209921784162720e-02,-2.601293049153985404e-02
1.970656283959272836e-01,2.032582687920667652e-01,5.200552791666842450e-02,2.417574881354868921e-01
1.970656283959272836e-01,2.011657967650776757e-01,1.089331526542385298e-01,9.025675557900911250e-02
1.970656283959272836e-01,1.983007244854881890e-01,1.033320674857603205e-01,4.565147048127195933e-02
1.970656283959272836e-01,1.982237387648885241e-01,8.602703540425796214e-02,-8.070626459701066291e-03
1.970656283959272836e-01,2.024887016151612207e-01,5.779671110033313131e-02,3.043874219979086360e-01
1.970656283959272836e-01,2.057500571551525437e-01,1.317745746324177625e-01,1.322783166885570516e-01
1.970656283959272836e-01,2.031883800020374276e-01,1.319298546208906853e-01,-3.592093524542193383e-02
1.970656283959272836e-01,2.065920748163356524e-01,8.157331119041733025e-02,3.216738237830718550e-01
1.970656283959272836e-01,2.037602263074946574e-01,1.536041622621884539e-01,1.029719245768353636e-01
1.970656283959272836e-01,1.977066995084015844e-01,1.384125651868927664e-01,-8.625505435494782921e-03
1.970656283959272836e-01,1.978356106695689787e-01,9.429978362663823943e-02,8.019431348933496462e-02
1.970656283959272836e-01,1.982160212589166581e-01,9.006782232640353492e-02,1.413310878299549322e-01
1.970656283959272836e-01,1.969266792154234502e-01,1.054495793844714979e-01,4.457972499305620090e-02
1.970656283959272836e-01,1.985860576022293045e-01,8.718785962698390180e-02,4.044450265073296635e-01
1.970656283959272836e-01,1.997655742742396323e-01,1.823649800852463199e-01,4.051703529943749826e-01
1.970656283959272836e-01,1.904598332628531232e-01,2.492065575409911360e-01,-7.926151010861567925e-02
1.970656283959272836e-01,1.816391912674370501e-01,1.506684946361796784e-01,-2.155821620338037592e-01
1.970656283959272836e-01,1.774101897064184474e-01,4.079308059047340174e-02,-2.095944032253293787e-01
1.970656283959272836e-01,1.862886462781155050e-01,-3.432371866033218089e-02,2.568124834193269423e-01
1.970656283959272836e-01,1.923280104250353340e-01,5.301590100808108164e-02,1.422778415974780830e-01
1.970656283959272836e-01,1.927078976013044675e-01,7.979436551728272264e-02,4.143733014541180898e-03
1.970656283959272836e-01,1.976490626459587452e-01,5.709711991821807969e-02,4.142452200504420645e-01
1.970656283959272836e-01,2.026293643240943410e-01,1.642415278127008216e-01,4.630517249915633293e-01
1.970656283959272836e-01,1.960131790922280959e-01,2.538845538666479329e-01,-8.752851869127757645e-02
1.970656283959272836e-01,1.881884655895053327e-01,1.514633958546696135e-01,-3.048406691288995107e-01
1.970656283959272836e-01,1.866193289919459708e-01,1.457171399169351900e-02,-1.541102039028620918e-01
1.970656283959272836e-01,2.011008818295525746e-01,-3.603296824241169344e-02,4.070186388057550064e-01
1.970656283959272836e-01,2.138108618709702591e-01,9.688319786856353089e-02,5.506668952465120226e-01
1.970656283959272836e-01,2.128179904398989075e-01,2.330189083112373938e-01,2.694633308350439793e-01
1.970656283959272836e-01,2.011194349615941512e-01,2.439519980796983345e-01,-1.792322758008514372e-01
1.970656283959272836e-01,1.989360151984020941e-01,1.169952039809769861e-01,3.403632225229753783e-02
1.970656283959272836e-01,1.999204695532890430e-01,9.210733760834677319e-02,2.280069944579463381e-01
1.970656283959272836e-01,1.993174970130646706e-01,1.328770534832083294e-01,-2.754616226536890991e-02
1.970656283959272836e-01,2.005938859229634275e-01,8.474908419119467351e-02,2.217965444077735770e-01
1.970656283959272836e-01,2.006411869630244371e-01,1.258626811141951296e-01,9.670164702889290365e-02
1.970656283959272836e-01,1.975936172677511815e-01,1.171161573749029683e-01,2.536479926570132937e-02
1.970656283959272836e-01,1.981205301651148831e-01,8.958975486169165614e-02,8.017128130709498535e-02
1.970656283959272836e-01,1.991597034276962885e-01,8.676375732678767716e-02,1.313171444004446360e-02
1.970656283959272836e-01,2.031273627009901606e-01,6.467768153347558391e-02,2.098128812629594386e-01
1.970656283959272836e-01,1.983252072972003233e-01,1.082202399442080964e-01,1.920340963623488190e-02
1.970656283959272836e-01,2.007415360944432015e-01,8.151477265517964588e-02,2.756133916269045692e-01
1.970656283959272836e-01,2.043216746902141168e-01,1.397442407100252248e-01,3.322572051491007317e-01
1.970656283959272836e-01,2.025663772400597140e-01,1.974987284666007703e-01,2.458016959072593655e-01
1.970656283959272836e-01,1.933349563869289911e-01,2.119904518851707109e-01,-1.884698661607115966e-01
1.970656283959272836e-01,2.007152521150108171e-01,9.185113797783668599e-02,4.236636973049675015e-01
1.970656283959272836e-01,2.020253978075715329e-01,1.913935942921817235e-01,3.568791697241840977e-01
1.970656283959272836e-01,1.839013983418946729e-01,2.410405658163304043e-01,-3.917196521929824371e-01
1.970656283959272836e-01,1.836336342605593974e-01,5.121163703623701768e-02,-1.073290329707461384e-03
1.970656283959272836e-01,1.871206699439102727e-01,3.552585653594745457e-02,1.320445306761455218e-01
1.970656283959272836e-01,1.897669275628348640e-01,6.448125358386930239e-02,1.109642790676233226e-01
1.970656283959272836e-01,1.902348558210414931e-01,7.842679115479969654e-02,6.498979627444917417e-02
1.970656283959272836e-01,1.915246566299411424e-01,7.439502898949569565e-02,7.112824734843271532e-03
1.970656283959272836e-01,1.961319388140394249e-01,5.420933791482385883e-02,2.334987655208259905e-01
1.970656283959272836e-01,1.982856618884925037e-01,1.079969458070240418e-01,2.188768876152060727e-01
-9.703443470519895753e-02,1.936780828332169413e-01,1.412618803127406175e-01,6.250982945844836269e-01
-9.703443470519895753e-02,1.641445574036585198e-01,2.864134628812952110e-01,7.510103662990983420e-01
-9.703443470519895753e-02,1.308048031358829966e-01,4.257924307201751413e-01,6.923310134513759317e-01
-9.703443470519895753e-02,8.037944255919843295e-02,5.057543440519060018e-01,5.458323840182854880e-01
-9.703443470519895753e-02,2.638406010599642776e-02,5.177783995354394708e-01,1.787991116092527422e-01
-9.703443470519895753e-02,-2.901497830834707040e-02,4.160850869998901636e-01,-6.339864230735684503e-01
-9.703443470519895753e-02,-7.775048778846996300e-02,1.010621628364584135e-01,-7.853981633974482790e-01
-9.703443470519895753e-02,-1.079026179025743271e-01,-1.648766025862437590e-01,-7.853981633974482790e-01
-9.703443470519895753e-02,-1.336921892786729904e-01,-3.510329824140894228e-01,-7.853981633974482790e-01
-9.703443470519895753e-02,-1.258049622835734904e-01,-4.813422774822024852e-01,-2.397444660450367415e-01
-9.703443470519895753e-02,-1.158318734345889500e-01,-4.088642263496191087e-01,-2.400363942735906642e-01
-9.703443470519895753e-02,-1.093143907292398881e-01,-3.582158303445486802e-01,-3.400286004931961648e-01
-9.703443470519895753e-02,-1.001637163216021337e-01,-3.527602015033678429e-01,-1.005660914270850304e-01
-9.703443470519895753e-02,-9.155115037847941228e-02,-2.771033028515480501e-01,2.107596350304826172e-01
-9.703443470519895753e-02,-9.856875968529521526e-02,-1.307432539442486830e-01,-4.016036416836752942e-01
-9.703443470519895753e-02,-1.034210629143223759e-01,-2.120027311524206037e-01,-3.079155590846942014e-01
-9.703443470519895753e-02,-9.539839415211567863e-02,-2.407785745364685870e-01,1.097363641486096414e-01
-9.703443470519895753e-02,-9.544482085722724718e-02,-1.356239899946614647e-01,-4.007562259054067016e-02
-9.703443470519895753e-02,-9.765997815118965253e-02,-1.069585780116176638e-01,-3.015424325441069531e-01
-9.703443470519895753e-02,-9.300865105879758954e-02,-1.653346832841569025e-01,2.186448805111789462e-01
-9.703443470519895753e-02,-1.001007235960076208e-01,-5.014074961777373329e-02,-3.683618360919000412e-01
-9.703443470519895753e-02,-1.009184472977479319e-01,-1.456079071648495871e-01,-2.082318998430231216e-01
-9.703443470519895753e-02,-9.259356852364966639e-02,-1.643995656072021472e-01,1.800832025825102878e-01
-9.703443470519895753e-02,-1.004730827726297293e-01,-6.105481796449264975e-02,-3.603442960034594633e-01
-9.703443470519895753e-02,-1.030239807773176974e-01,-1.508407795135077445e-01,-1.548551451955142155e-01
-9.703443470519895753e-02,-9.458148565892651738e-02,-1.520450898574071397e-01,2.850711921194006848e-01
-9.703443470519895753e-02,-9.433924866392673358e-02,-2.090931408703061711e-02,1.352822375624903317e-01
-9.703443470519895753e-02,-1.048380864267597079e-01,2.594755695387972183e-02,-3.691261113098877611e-01
-9.703443470519895753e-02,-1.187385105080889375e-01,-9.257520950140936400e-02,-6.687089826418333161e-01
-9.703443470519895753e-02,-1.112284255028320040e-01,-2.654150795789196327e-01,-7.072293711706327535e-02
-9.703443470519895753e-02,-1.001500807704705370e-01,-2.070044319101917996e-01,3.175541528450984141e-01
-9.703443470519895753e-02,-9.867315549072755432e-02,-4.963576667074662274e-02,-3.770213748535908987e-02
-9.703443470519895753e-02,-1.024864959132999881e-01,-4.605564464848655587e-02,-2.056768256424982566e-01
-9.703443470519895753e-02,-1.023801233695593171e-01,-9.394121825103844692e-02,-1.281190884457202861e-01
-9.703443470519895753e-02,-1.020025643994389997e-01,-1.041993093224001798e-01,-2.314550806674343930e-01
-9.703443470519895753e-02,-9.668479374106654645e-02,-1.423797132432924328e-01,1.484725623524625615e-01
-9.703443470519895753e-02,-1.025546158651623602e-01,-5.512412788496655336e-02,-2.606563299309629933e-01
-9.703443470519895753e-02,-1.031014387099758595e-01,-1.167841467475258799e-01,-1.981459574373236054e-01
-9.703443470519895753e-02,-9.732228528690736735e-02,-1.411975767856290531e-01,1.292055801481750421e-01
-9.703443470519895753e-02,-1.049176538727864122e-01,-6.007588592348070411e-02,-4.448660382047129880e-01
-9.703443470519895753e-02,-1.105136905163470185e-01,-1.755128843792888305e-01,-5.162897715984684499e-01
-9.703443470519895753e-02,-1.042449058494930997e-01,-2.777464320523408969e-01,-1.377625507974923336e-01
-9.703443470519895753e-02,-8.745805510457248244e-02,-2.357516917253615341e-01,3.859325823382942500e-01
-9.703443470519895753e-02,-9.513934332399721916e-02,-4.924622080035573335e-02,-1.943058091825919376e-01
-9.703443470519895753e-02,-9.998179751964716977e-02,-9.276497431488379963e-02,-2.723955336130592930e-01
-9.703443470519895753e-02,-9.863184914334510722e-02,-1.466552023602303301e-01,-3.980870675013882809e-01
-9.703443470519895753e-02,-8.221008555463826806e-02,-2.220881056807677001e-01,4.468226501740266143e-01
-9.703443470519895753e-02,-7.040653621858715405e-02,-2.141389640360630287e-02,5.914653164016570042e-01
-9.703443470519895753e-02,-6.885820101471960830e-02,1.624491549245851985e-01,3.674873621808373292e-01
-9.703443470519895753e-02,-8.922821412310232014e-02,2.239603239819884239e-01,-4.497683352050604322e-01
-9.703443470519895753e-02,-1.027603858688363875e-01,2.184086699479179106e-02,-7.155536325152448418e-01
-9.703443470519895753e-02,-9.901583280423233158e-02,-1.993782856254689984e-01,-1.294890819685923927e-02
-9.703443470519895753e-02,-9.334601155684352225e-02,-1.434484373652429867e-01,2.019751045480991658e-01
-9.703443470519895753e-02,-9.229565364143241246e-02,-3.982047306933207687e-02,5.449489219385438010e-02
-9.703443470519895753e-02,-9.452830125960863528e-02,-1.152572506535333788e-02,-2.634338613062935375e-01
-9.703443470519895753e-02,-9.185614699033624320e-02,-8.709844816631652498e-02,7.502480572430091088e-02
-9.703443470519895753e-02,-8.832488887000913835e-02,-3.846044200521122475e-02,1.619579986807291871e-01
-9.703443470519895753e-02,-9.400315134141899731e-02,2.166383242067921461e-02,-1.311247414146594070e-01
-9.703443470519895753e-02,-9.649398877093351423e-02,-2.417448817766295471e-02,-1.159293996219667999e-01
-9.703443470519895753e-02,-1.011324274221963998e-01,-5.167289692921200189e-02,-2.472535192158133721e-01
-9.703443470519895753e-02,-9.939613279063201634e-02,-1.103493023530237455e-01,-9.403094378338278103e-02
-9.703443470519895753e-02,-9.806057975609407118e-02,-1.054657092737083524e-01,2.032977697452708343e-01
-9.703443470519895753e-02,-9.843647710499589532e-02,-1.283540013530191926e-02,5.463121275215281373e-04
-9.703443470519895753e-02,-1.089807475789885127e-01,-8.826860914548009113e-03,-5.579879458890858457e-01
-9.703443470519895753e-02,-1.178651786931746853e-01,-1.735744689431996945e-01,-4.994284821037956457e-01
-9.703443470519895753e-02,-1.045771255591762677e-01,-2.713302175856225906e-01,6.526590158105774475e-02
-9.703443470519895753e-02,-9.649447859847519460e-02,-1.703509877584128696e-01,1.836201405844607171e-01
-9.703443470519895753e-02,-9.549261404708045409e-02,-6.415814814831868884e-02,1.487584984685638156e-01
-9.703443470519895753e-02,-1.065185983865531011e-01,-2.827989305355660399e-04,-5.265597373951951266e-01
-9.703443470519895753e-02,-1.186497605852636084e-01,-1.581670116885679767e-01,-7.212545189400472179e-01
-9.703443470519895753e-02,-1.190351759018409977e-01,-3.270942067766003380e-01,-5.126067290421054690e-01
-9.703443470519895753e-02,-1.000356779831211851e-01,-3.827489161395608575e-01,4.032840547196232528e-01
-9.703443470519895753e-02,-1.059964074438606296e-01,-1.469377432996343547e-01,-3.265563655376768071e-01
-9.703443470519895753e-02,-1.039205520788069187e-01,-2.008233224218160529e-01,-2.789006738811196096e-01
-9.703443470519895753e-02,-8.541294825659440093e-02,-2.242480498102484288e-01,5.224425475662841656e-01
-9.703443470519895753e-02,-7.773544296288757705e-02,-2.403980127881066853e-04,3.367887401914386736e-01
-9.703443470519895753e-02,-8.457421423577010655e-02,1.008689435605708146e-01,-1.867111811558505030e-01
-9.703443470519895753e-02,-9.091569778655275713e-02,1.459480230080405228e-02,-1.887502782981455296e-01
-9.703443470519895753e-02,-9.113685470962128166e-02,-4.640931937188927381e-02,-2.081847119574582738e-01
-9.703443470519895753e-02,-8.555581583730900719e-02,-9.494092219547267675e-02,2.806400249606450514e-01
-9.703443470519895753e-02,-1.028271937042822826e-01,1.773360374486811220e-02,-5.903332752818861717e-01
-9.703443470519895753e-02,-1.011138221414681904e-01,-1.646871803268382672e-01,-9.209371255278329949e-02
-9.703443470519895753e-02,-9.004422477048200368e-02,-1.429086834214145785e-01,3.377459801557540220e-01
-9.703443470519895753e-02,-8.558001400484135934e-02,1.289097504098835056e-03,1.931421690323089357e-01
-9.703443470519895753e-02,-9.402847453768922725e-02,5.884406061535484012e-02,-1.766341801054514826e-01
-9.703443470519895753e-02,-1.022958465129578942e-01,-1.179919699989785686e-02,-3.362333462684810592e-01
-9.703443470519895753e-02,-1.037869241132070436e-01,-1.091278346210295402e-01,-3.222407337971494590e-01
-9.703443470519895753e-02,-8.596751288124190871e-02,-1.730631692997053328e-01,5.342200445920233243e-01
-9.703443470519895753e-02,-1.097754114006981724e-01,3.912279190150766417e-02,-7.180725667875395013e-01
-9.703443470519895753e-02,-1.273999290030864706e-01,-1.880358496067262852e-01,-7.853981633974482790e-01
-9.703443470519895753e-02,-1.319768010049953977e-01,-3.672449335144170046e-01,-7.853981633974482790e-01
-9.703443470519895753e-02,-1.260597616343477334e-01,-4.926918365594093463e-01,-4.967687800022415612e-01
-9.703443470519895753e-02,-9.912511063663349831e-02,-4.939152148432225942e-01,6.098772054335959147e-01
-9.703443470519895753e-02,-8.947042349378805937e-02,-1.627764814928244208e-01,4.398142192733198175e-01
-9.703443470519895753e-02,-1.055378351498193479e-01,1.800073891932002512e-02,-7.421062276345540276e-01
-9.703443470519895753e-02,-1.170085217402051514e-01,-2.100306402619371016e-01,-7.853981633974482790e-01
-9.703443470519895753e-02,-9.855090009033763698e-02,-3.826405040223588294e-01,4.978193658433588409e-01
-9.703443470519895753e-02,-1.024605118954509675e-01,-1.185025725525319928e-01,-3.352441795800037427e-01
-9.703443470519895753e-02,-9.697115102399764264e-02,-1.835259935192585234e-01,1.775157696500517801e-01
-9.703443470519895753e-02,-9.664379339476400488e-02,-7.521267641994691666e-02,-1.236813206005910326e-01
8.138749482903295807e-02,-9.633259966370014138e-02,-8.974908902913715514e-02,-7.853981633974482790e-01
8.138749482903295807e-02,-9.243539403276010424e-02,-2.984425721162525247e-01,-7.522426348623159065e-01
8.138749482903295807e-02,-4.881535091681068333e-02,-4.345827554662698988e-01,-3.382834913681107003e-01
8.138749482903295807e-02,-2.860488485872995923e-03,-4.056923979382465184e-01,5.305182298708671640e-02
8.138749482903295807e-02,2.846590518486434226e-02,-2.680663027512601437e-01,-1.100708925516318271e-01
8.138749482903295807e-02,5.768789766223108434e-02,-2.206674324943562748e-01,4.463167848055606401e-01
8.138749482903295807e-02,7.785778730520626079e-02,-2.057133026695642797e-02,6.143529389287183395e-01
8.138749482903295807e-02,8.171098799004647417e-02,1.699067193988637869e-01,6.831298439000171863e-02
8.138749482903295807e-02,7.372115530863437849e-02,1.394306200092919057e-01,-2.079581352053413712e-01
8.138749482903295807e-02,7.545039219075612424e-02,3.521639091035454194e-02,8.165002230830749677e-03
8.138749482903295807e-02,7.652641260513927401e-02,2.710103210240904711e-02,-6.222424912402400171e-02
8.138749482903295807e-02,8.141169222526570270e-02,3.034961217631554353e-04,3.188712940636027615e-01
8.138749482903295807e-02,8.429804795405193563e-02,9.587479489937857091e-02,2.872302251375062898e-01
8.138749482903295807e-02,7.511123957307622168e-02,1.532827467637054020e-01,-2.358132657690515110e-01
8.138749482903295807e-02,8.090372755366014024e-02,3.655264743917108206e-02,2.225690587803837162e-01
8.138749482903295807e-02,7.687390148991986305e-02,9.235852903656410762e-02,-2.047924272951857638e-01
8.138749482903295807e-02,7.420803662217212437e-02,3.214564012790327441e-03,-1.650255389360936464e-01
8.138749482903295807e-02,8.584180401935272153e-02,-4.725735622888577181e-02,5.311730554098363921e-01
8.138749482903295807e-02,7.427018355217482326e-02,1.262718330264673838e-01,-1.425915848604300540e-01
8.138749482903295807e-02,5.870282615594406284e-02,4.561148284955930665e-02,-4.340748990647388950e-01
8.138749482903295807e-02,6.183126333634330479e-02,-9.829422925982873871e-02,-2.248614163005614452e-01
8.138749482903295807e-02,7.414756501117727994e-02,-1.362655344964851800e-01,2.688863091312024833e-01
8.138749482903295807e-02,8.406140789992945506e-02,-1.471904006506791207e-02,3.242219696035733012e-01
8.138749482903295807e-02,8.241962808322354783e-02,8.696427096172500149e-02,-6.006666732065298747e-02
8.138749482903295807e-02,7.862414439724706161e-02,4.285432984426851971e-02,-8.104308685558113401e-02
8.138749482903295807e-02,7.945617975764066032e-02,5.685213912814651716e-03,1.271268788876381284e-01
8.138749482903295807e-02,7.991448054171595983e-02,4.211767499325072550e-02,-1.183919705865034283e-01
8.138749482903295807e-02,8.120813556208411610e-02,-6.040337894405639618e-03,3.410326538360480830e-02
8.138749482903295807e-02,8.167521460352789031e-02,6.003168544680024740e-03,1.445982871447777651e-01
8.138749482903295807e-02,7.666701111844032024e-02,4.758161357164497618e-02,-1.456083794134608866e-01
8.138749482903295807e-02,7.823062319826235012e-02,-1.037568017288655747e-02,-3.427567905675491661e-02
8.138749482903295807e-02,8.118161498064832560e-02,-1.754524615312444413e-02,-1.937872573885425845e-02
8.138749482903295807e-02,8.424952335534742487e-02,-1.809473916414342659e-02,4.620293208043250999e-02
8.138749482903295807e-02,8.727317022074644604e-02,1.195790207408498756e-03,3.756876616990846574e-02
8.138749482903295807e-02,8.759512713073282220e-02,1.210827155465260541e-02,1.267446008385086642e-01
8.138749482903295807e-02,8.351113226449172200e-02,4.649848119269638091e-02,-1.271346499084752002e-01
8.138749482903295807e-02,8.594511499710216773e-02,-5.591993942662583372e-03,1.743503426201674089e-01
8.138749482903295807e-02,8.508191718662484748e-02,4.839141808951685775e-02,-5.344875362369811561e-02
8.138749482903295807e-02,8.471578799039555796e-02,1.784443631698630350e-02,3.009997250467327107e-02
8.138749482903295807e-02,8.196087337505783554e-02,2.152123134973210269e-02,-6.684880234951408318e-02
8.138749482903295807e-02,8.141085173333263703e-02,-4.991209060001989412e-03,-7.990074679253225676e-02
8.138749482903295807e-02,8.612854231156698293e-02,-2.746299702469277154e-02,2.245849364869245968e-01
8.138749482903295807e-02,8.765505726225104877e-02,4.815210968440915978e-02,1.207632554628937788e-01
8.138749482903295807e-02,8.125219623640904387e-02,6.993763189570957606e-02,-1.230153534775300928e-01
8.138749482903295807e-02,8.245387745865691287e-02,1.204978106152708450e-02,3.397546486020002615e-02
8.138749482903295807e-02,8.174577650376955995e-02,1.862655214320060870e-02,-8.777929796009786151e-03
8.138749482903295807e-02,8.205995833733950584e-02,1.040780165346090642e-02,-2.289155485085836786e-02
8.138749482903295807e-02,8.384052825545763865e-02,4.181030421347223247e-04,5.500150657637691010e-02
8.138749482903295807e-02,8.471883299175492210e-02,1.679441040811570710e-02,8.225522566602799790e-02
8.138749482903295807e-02,8.146927478247362187e-02,3.643111758182047966e-02,-2.577736557074393822e-02
8.138749482903295807e-02,8.019931282501996384e-02,1.776252620343810040e-02,-8.629372220561901119e-02
8.138749482903295807e-02,8.321481127170900216e-02,-1.345550164058654033e-02,1.533097887566441941e-01
8.138749482903295807e-02,8.296618717327214343e-02,3.657470617926192324e-02,1.691020947524348728e-01
8.138749482903295807e-02,7.482208593122036122e-02,7.633019076501239286e-02,-3.784489956454415438e-01
8.138749482903295807e-02,9.434467590094848533e-02,-6.010352029851474820e-02,5.560948128610678776e-01
8.138749482903295807e-02,9.983197689681480580e-02,1.247554920239481585e-01,5.945039728024644754e-01
8.138749482903295807e-02,9.207569430462954341e-02,2.656786405782082250e-01,-1.161627175005929598e-03
8.138749482903295807e-02,6.859054648884047034e-02,1.856272097893357786e-01,-6.750770533375386462e-01
8.138749482903295807e-02,5.240017929194782514e-02,-7.258458460557815073e-02,-5.165096072240760172e-01
8.138749482903295807e-02,5.398980467958466173e-02,-2.057632520544682986e-01,-3.080404571786297119e-01
8.138749482903295807e-02,7.062027974664530916e-02,-2.364477294040973621e-01,3.486664178472460573e-01
8.138749482903295807e-02,8.416046759667905608e-02,-6.091502932010414706e-02,4.863337970461735771e-01
8.138749482903295807e-02,5.900391340728165790e-02,1.032609360269100829e-01,-5.859147477353354727e-01
8.138749482903295807e-02,4.530731053449369578e-02,-1.034931784572456770e-01,-5.431992251023617380e-01
8.138749482903295807e-02,4.909364732804667730e-02,-2.354066746003044830e-01,-3.541327224322018408e-01
8.138749482903295807e-02,6.823179707912656322e-02,-2.710259133529491216e-01,3.656501243267918921e-01
8.138749482903295807e-02,7.989566666522300575e-02,-8.002259883804260787e-02,2.534968790710973030e-01
8.138749482903295807e-02,8.132959149909957386e-02,2.003366969157206745e-02,7.223753716623478038e-02
8.138749482903295807e-02,7.888764871627765296e-02,3.569348985330077911e-02,-1.422385183595074043e-01
8.138749482903295807e-02,8.008489593197667955e-02,-1.768601208407048070e-02,-5.159911022434052544e-03
8.138749482903295807e-02,8.177026188958556874e-02,-1.392806348129685748e-02,1.383017004780977624e-02
8.138749482903295807e-02,8.293273517932912842e-02,-5.600272297491163537e-03,-6.497673534183748267e-02
8.138749482903295807e-02,8.699495557339949336e-02,-2.341257557780898960e-02,1.728237583460905391e-01
8.138749482903295807e-02,8.699215301779678056e-02,3.545885514943750150e-02,-1.461045544125697633e-03
8.138749482903295807e-02,8.599944199650670640e-02,2.437437845912399786e-02,1.067436784855251286e-01
8.138749482903295807e-02,8.192959834369244188e-02,4.908256263380628148e-02,6.836644526829045720e-02
8.138749482903295807e-02,7.509508694340098767e-02,5.486801940898122787e-02,-2.106095513388944462e-01
8.138749482903295807e-02,7.948493121842051257e-02,-2.477597143654047818e-02,3.089336564411070823e-02
8.138749482903295807e-02,7.868436106157249144e-02,-8.076424432813568421e-03,-1.029987954561153440e-01
8.138749482903295807e-02,8.218231631204683807e-02,-3.655241348458638379e-02,1.546146648699719683e-01
8.138749482903295807e-02,8.269530428992367954e-02,2.079827343346173085e-02,1.071754850891462607e-01
8.138749482903295807e-02,7.661831383470024681e-02,4.670587007811752289e-02,-1.330817278910013113e-01
8.138749482903295807e-02,7.809602268888297949e-02,-7.234817838101072207e-03,3.693463214425236896e-02
8.138749482903295807e-02,8.083197243895923201e-02,6.015947319758139025e-03,6.421512848642636773e-02
8.138749482903295807e-02,7.995772567003810172e-02,2.347641242745431012e-02,3.933316240695099858e-02
8.138749482903295807e-02,7.648734351267789944e-02,2.823326358223881422e-02,-1.179614747574813244e-01
8.138749482903295807e-02,8.239023067318022864e-02,-1.562516172218941096e-02,1.225248428972241233e-01
8.138749482903295807e-02,7.790461967764111817e-02,2.581950703693693810e-02,-2.380793609838702252e-01
8.138749482903295807e-02,7.950118017729286557e-02,-5.335145519087470395e-02,-3.277582522182241609e-02
8.138749482903295807e-02,8.505325081442047241e-02,-4.717753849380090098e-02,3.080395209110589616e-01
8.138749482903295807e-02,7.595626351231830886e-02,5.938788889367487694e-02,-1.520625399122949029e-01
8.138749482903295807e-02,6.360076689359357716e-02,-4.047289670296043418e-03,-6.270585579973231294e-01
8.138749482903295807e-02,6.051218732362530217e-02,-1.909521578721214974e-01,-3.767619351097413749e-01
8.138749482903295807e-02,8.114599009524685325e-02,-2.466944099215086783e-01,5.045107765446160686e-01
8.138749482903295807e-02,8.855663861105973755e-02,-2.133268415103659055e-02,3.323186243017406394e-01
8.138749482903295807e-02,8.298031207776673801e-02,8.476362266354879604e-02,-1.129383056137525237e-01
8.138749482903295807e-02,8.142333836303682071e-02,2.545333209043313533e-02,2.218804339821110749e-02
8.138749482903295807e-02,7.797651388768798986e-02,2.447433581584745541e-02,-1.401837855487811924e-01
8.138749482903295807e-02,7.927301872617185940e-02,-2.492415713433114230e-02,2.920574334786811208e-02
8.138749482903295807e-02,8.051182453448278709e-02,-8.688794260255015139e-03,4.558799153997639825e-02
-5.464700881615830452e-02,7.746442442156857566e-02,7.594332834079495220e-03,6.253614793986160825e-01
-5.464700881615830452e-02,6.287096547887892350e-02,1.929248713940422411e-01,6.063403610584026104e-01
-5.464700881615830452e-02,2.043855769211061491e-02,3.169505183677438498e-01,1.222926485396828439e-01
-5.464700881615830452e-02,-1.881256403978900579e-02,2.585535048636014577e-01,-4.368251382403826599e-01
-5.464700881615830452e-02,-4.512548957721357334e-02,4.993892987300205255e-02,-6.160558223863638050e-01
-5.464700881615830452e-02,-5.692242432973806249e-02,-1.498602944485918631e-01,-3.605632889882534053e-01
-5.464700881615830452e-02,-5.682296875537930225e-02,-2.130728711031635858e-01,-2.083897545554483713e-02
-5.464700881615830452e-02,-5.320484357466714886e-02,-1.554023668966972860e-01,1.188386638444991761e-01
-5.464700881615830452e-02,-6.424440609608156327e-02,-7.312999382965418294e-02,-4.700690036208134970e-01
-5.464700881615830452e-02,-6.401299845286065326e-02,-1.922126989607212399e-01,-3.436820569943240811e-01
-5.464700881615830452e-02,-4.753198413973988568e-02,-2.376566342203380866e-01,4.722126350373805903e-01
-5.464700881615830452e-02,-3.560142388094637844e-02,-2.469477190878921480e-02,5.835542299360084728e-01
-5.464700881615830452e-02,-4.135809338287915748e-02,1.577807402707658291e-01,6.549781505832780182e-02
-5.464700881615830452e-02,-5.681751339844760829e-02,1.300959979838670066e-01,-5.260528421324013326e-01
-5.464700881615830452e-02,-6.638048081541651768e-02,-6.674741274732312601e-02,-5.904755411392587083e-01
-5.464700881615830452e-02,-4.531703838854649752e-02,-2.238655343420727639e-01,6.805146613214514417e-01
-5.464700881615830452e-02,-4.897909504098805350e-02,4.744823209961254729e-02,2.335041958727362282e-02
-5.464700881615830452e-02,-6.062049786369270998e-02,4.024674990898852861e-02,-4.781674372273652662e-01
-5.464700881615830452e-02,-6.496518785158168774e-02,-1.152782731245446113e-01,-2.166607890886643739e-01
-5.464700881615830452e-02,-5.653057121214292990e-02,-1.457002605334576095e-01,2.586945684900103792e-01
-5.464700881615830452e-02,-4.726495749214825598e-02,-2.437992390620911942e-02,5.051521198305668481e-01
-5.464700881615830452e-02,-5.510185857945545940e-02,1.344804289633919070e-01,-1.700174835563385556e-01
-5.464700881615830452e-02,-6.652729600500589813e-02,4.313521317155032120e-02,-6.846520745298901867e-01
-5.464700881615830452e-02,-4.795812073419618293e-02,-1.752017028181471758e-01,5.450832763349436894e-01
-5.464700881615830452e-02,-4.614581912882093767e-02,4.088417870846985935e-02,2.587251844395732636e-01
-5.464700881615830452e-02,-6.478189805604864238e-02,1.062378121902942119e-01,-7.652443953635429397e-01
-5.464700881615830452e-02,-5.554930025531462645e-02,-1.552071684664418916e-01,2.259978578779147096e-01
-5.464700881615830452e-02,-5.123988656540756637e-02,-4.084569496276115041e-02,1.003652620331632467e-01
-5.464700881615830452e-02,-5.961707850107555995e-02,1.518366236042796580e-03,-2.179263887774000041e-01
-5.464700881615830452e-02,-6.616366265213755038e-02,-6.431234530514312597e-02,-2.973406977535589801e-01
-5.464700881615830452e-02,-5.624293797790359817e-02,-1.342212104258314609e-01,1.294955422148304225e-01
-5.464700881615830452e-02,-5.911962396475625020e-02,-5.510528255162104594e-02,-2.308960353009509303e-01
-5.464700881615830452e-02,-6.044946680499634767e-02,-1.078431713233155148e-01,-1.755971701441098598e-01
-5.464700881615830452e-02,-5.631909082624085572e-02,-1.281778669204154952e-01,-1.786084875318518991e-02
-5.464700881615830452e-02,-4.957217465075813845e-02,-9.508249273226417053e-02,1.320148509941533599e-01
-5.464700881615830452e-02,-4.930900381593849441e-02,-2.695231901277685138e-02,1.312861539438534286e-01
-5.464700881615830452e-02,-6.010747043389066263e-02,2.052302813775755408e-02,-4.419053260791689364e-01
-5.464700881615830452e-02,-7.043615189832999612e-02,-1.182049933423192367e-01,-5.800597984817692510e-01
-5.464700881615830452e-02,-5.601412717894945631e-02,-2.567609493928403319e-01,3.264623642735754450e-01
-5.464700881615830452e-02,-5.993101220956745245e-02,-8.179440491911335598e-02,-1.413071193801442027e-01
-5.464700881615830452e-02,-6.989638695197997187e-02,-9.964819222370895069e-02,-6.130564424101485610e-01
-5.464700881615830452e-02,-7.611526187165511270e-02,-2.536720280030836938e-01,-5.011676459298070041e-01
-5.464700881615830452e-02,-6.911684731758167832e-02,-3.279217226398460916e-01,-5.174596379280967801e-02
-5.464700881615830452e-02,-5.475722656975502006e-02,-2.450708898656346335e-01,2.996377366115903773e-01
-5.464700881615830452e-02,-5.042596848462072012e-02,-8.166019984712372115e-02,5.585154390384357292e-02
-5.464700881615830452e-02,-5.770427856135984523e-02,-4.040589679923081712e-02,-2.709075235628964906e-01
-5.464700881615830452e-02,-6.123361075130102221e-02,-1.095573147753314547e-01,-2.480553855767659299e-01
-5.464700881615830452e-02,-5.447338161711477028e-02,-1.511138142514059091e-01,1.761016311112197086e-02
-5.464700881615830452e-02,-4.343796785213450279e-02,-1.004948503838213603e-01,3.614910365240907586e-01
-5.464700881615830452e-02,-4.542773999401019530e-02,3.810149658736092237e-02,-1.571838767108148585e-02
-5.464700881615830452e-02,-5.502364999378724086e-02,2.195736202338953794e-02,-4.383128205968956359e-01
-5.464700881615830452e-02,-5.693056316898222058e-02,-1.161232082867701826e-01,-3.700358825083670256e-02
-5.464700881615830452e-02,-5.399377818928779993e-02,-9.239047608576228532e-02,-8.550936404823913928e-02
-5.464700881615830452e-02,-5.010442862227785371e-02,-9.032636838242093236e-02,5.154602385308007517e-02
-5.464700881615830452e-02,-5.196758509110192131e-02,-4.775541962292219333e-02,-1.101078751206756995e-02
-5.464700881615830452e-02,-5.643577600546088868e-02,-3.673202286268953398e-02,-1.898520779753817278e-01
-5.464700881615830452e-02,-5.898827523147695540e-02,-8.266887156145125148e-02,-3.002694363415625567e-02
-5.464700881615830452e-02,-6.000920447092378263e-02,-6.688448975684734010e-02,-1.878507124161871988e-01
-5.464700881615830452e-02,-5.658154452443945465e-02,-1.031905739930061988e-01,-4.586971445200935249e-02
-5.464700881615830452e-02,-5.430535066958470936e-02,-8.599932937281851153e-02,3.878675665267240086e-02
-5.464700881615830452e-02,-5.986169490592470332e-02,-4.856374254074960484e-02,-2.035507492428823562e-01
-5.464700881615830452e-02,-5.611272248645939736e-02,-9.505919054350014941e-02,-6.582939421850218797e-02
-5.464700881615830452e-02,-4.898600724469010653e-02,-8.629019488772331214e-02,2.482394557811716251e-01
-5.464700881615830452e-02,-4.801322565281816723e-02,1.407006568851844330e-02,2.133950409885761873e-02
-5.464700881615830452e-02,-5.601942702511474026e-02,1.622995707356439041e-02,-7.263376560216813771e-02
-5.464700881615830452e-02,-6.234006881439818626e-02,-1.043663567327079988e-02,-2.232398008680553936e-01
-5.464700881615830452e-02,-6.224288297902793449e-02,-7.427840170362247363e-02,-2.110972531164882204e-01
-5.464700881615830452e-02,-5.556597707801954472e-02,-1.153213830526562123e-01,-7.234998290147957867e-02
-5.464700881615830452e-02,-5.169400061904436822e-02,-1.024301104639048776e-01,2.562418283349663928e-01
-5.464700881615830452e-02,-5.265023283490437300e-02,5.171907792901539458e-03,-1.276661690083791614e-02
-5.464700881615830452e-02,-5.690883330910173621e-02,-2.157904517384795148e-04,-6.931928477502338759e-02
-5.464700881615830452e-02,-5.982345949872332203e-02,-2.092148643954330756e-02,-1.664366814186993837e-01
-5.464700881615830452e-02,-5.825451912466785009e-02,-6.457720606405525920e-02,7.217518174602409464e-02
-5.464700881615830452e-02,-6.126930569795378118e-02,-2.353982120005605055e-02,-2.426910405302627749e-01
-5.464700881615830452e-02,-6.275264475394319585e-02,-8.928378165918343656e-02,-2.159299854363303239e-01
-5.464700881615830452e-02,-5.136856493274449126e-02,-1.272778702885313529e-01,3.881418929249481620e-01
-5.464700881615830452e-02,-4.603674768990290850e-02,2.734947188746797431e-02,1.966270505573267380e-01
-5.464700881615830452e-02,-5.400194811208920004e-02,7.813374577741472038e-02,-2.760008191476730488e-01
-5.464700881615830452e-02,-6.023577810166989843e-02,-2.810778227295711307e-02,-2.843109428519671189e-01
-5.464700881615830452e-02,-5.572081862925314100e-02,-1.049696308090635605e-01,-2.886503557887910854e-02
-5.464700881615830452e-02,-5.281867418728473235e-02,-8.211754088171395460e-02,-2.193913666453227440e-02
-5.464700881615830452e-02,-5.178667872180501425e-02,-6.406705944584040191e-02,-1.489751975978095000e-01
-5.464700881615830452e-02,-4.383719822680298001e-02,-8.953980190041459231e-02,3.477046837985912076e-01
-5.464700881615830452e-02,-6.115749708675187468e-02,4.163301998829703476e-02,-5.066482754085949169e-01
-5.464700881615830452e-02,-7.786918521082092370e-02,-1.228508403693211043e-01,-7.544812038105551677e-01
-5.464700881615830452e-02,-8.455762592654762766e-02,-3.123405539618450688e-01,-6.548491329120313953e-01
-5.464700881615830452e-02,-7.561735839582350849e-02,-4.150940368165000338e-01,-2.915061591330347368e-01
-5.464700881615830452e-02,-5.024823095008310037e-02,-3.780193466693303472e-01,6.696734318664432362e-01
-5.464700881615830452e-02,-4.311428579551260243e-02,-6.371120149639908359e-02,4.286446407812563031e-01
-5.464700881615830452e-02,-3.998471477859438100e-02,8.399552985337535582e-02,8.070851163918041360e-02
-5.464700881615830452e-02,-4.383029748563467554e-02,8.300936456826459031e-02,6.336752545464360842e-02
-5.464700881615830452e-02,-6.102466163427120588e-02,7.711757008410968783e-02,-6.866498822723159368e-01
-5.464700881615830452e-02,-7.652809717897529618e-02,-1.520130612458919783e-01,-6.872185243813994093e-01
-5.464700881615830452e-02,-7.844605110234514900e-02,-3.125762291371005919e-01,-3.318631301285800417e-01
-5.464700881615830452e-02,-6.558175381051506436e-02,-3.183629474910494306e-01,1.005444636462011487e-01
-5.464700881615830452e-02,-5.322443714306884094e-02,-1.926892121646722467e-01,4.339519671327019545e-01
-5.464700881615830452e-02,-4.796973455302888656e-02,-4.696292080691166770e-03,1.922773386772247406e-01
-5.464700881615830452e-02,-5.182102565241262365e-02,5.439618887309258938e-02,-1.496025904969563169e-01
-5.464700881615830452e-02,-5.986741501441231184e-02,-6.802878350518092032e-03,-3.216510256677245216e-01
-5.464700881615830452e-02,-5.358988674865370477e-02,-1.012580737039413536e-01,1.176703891697410548e-01
2.170566104153744957e-01,-5.707723148871667734e-02,-3.557827128991895849e-02,-7.853981633974482790e-01
2.170566104153744957e-01,-4.928746008332780121e-02,-2.605244469255488249e-01,-7.347528757607899585e-01
2.170566104153744957e-01,-2.420423100856655685e-02,-4.027937442615620589e-01,-7.853981633974482790e-01
2.170566104153744957e-01,3.325078023573009578e-02,-5.175762492656367231e-01,-1.416196454952542150e-01
2.170566104153744957e-01,8.197677651747350969e-02,-4.047897785403636872e-01,5.494954372620133778e-04
2.170566104153744957e-01,1.270894089958332918e-01,-2.831877803179398967e-01,2.145926208382981926e-01
2.170566104153744957e-01,1.517463124551271803e-01,-1.338531150882856235e-01,-1.764728143896359958e-01
2.170566104153744957e-01,1.807087867038346951e-01,-1.466408086391299548e-01,3.414728868478057455e-01
2.170566104153744957e-01,2.084241557163292180e-01,-2.059822700712643506e-04,3.857920485759275264e-01
2.170566104153744957e-01,2.264712775218259977e-01,1.155941005959465195e-01,4.678521560802151869e-01
2.170566104153744957e-01,2.282239908977941600e-01,2.212711667736974031e-01,3.366892149486699348e-01
2.170566104153744957e-01,2.224674078189517179e-01,2.558968267266150676e-01,1.707377541985019009e-01
2.170566104153744957e-01,2.155243197126547883e-01,2.303511829761910878e-01,-1.722843745985924158e-01
2.170566104153744957e-01,2.213660378506579485e-01,1.095603046014961973e-01,1.630461288514327423e-01
2.170566104153744957e-01,2.213569454867856390e-01,1.256052453216848497e-01,1.216103903608911768e-01
2.170566104153744957e-01,2.222006295205693482e-01,1.244060912907966471e-01,2.447976425644074749e-01
2.170566104153744957e-01,2.200450161350447076e-01,1.605221115174138569e-01,8.541653311860115949e-02
2.170566104153744957e-01,2.173539129305218642e-01,1.379898139166495785e-01,1.188786424697693828e-01
2.170566104153744957e-01,2.150641897364757582e-01,1.322558759822065055e-01,-2.040943461944487447e-01
2.170566104153744957e-01,2.295005761187505489e-01,3.135168632213289341e-02,6.302226742526084724e-01
2.170566104153744957e-01,2.409727236043564813e-01,2.110116997953014051e-01,5.184480556025174991e-01
2.170566104153744957e-01,2.377805540173810184e-01,3.032413557725229802e-01,3.176185680539647116e-01
2.170566104153744957e-01,2.229548902159019519e-01,3.075545702823850869e-01,-1.885369965455329921e-01
2.170566104153744957e-01,2.210825871446010782e-01,1.587272954928036772e-01,2.200369231353417609e-01
2.170566104153744957e-01,2.164689724533376824e-01,1.771190936314011588e-01,7.981400160210403577e-03
2.170566104153744957e-01,2.148718295207996121e-01,1.263765123745030639e-01,5.758935014187734763e-02
2.170566104153744957e-01,2.151522700941147226e-01,1.057395862051783569e-01,1.769929578385555924e-01
2.170566104153744957e-01,2.129958688994070815e-01,1.271168557084091377e-01,-1.156956136095552701e-01
2.170566104153744957e-01,2.177200402074289665e-01,5.427331038402333219e-02,2.445969067972427469e-01
2.170566104153744957e-01,2.165986971560698304e-01,1.113706603809242468e-01,1.754011157147987721e-01
2.170566104153744957e-01,2.156274077598289429e-01,1.305819340629383873e-01,1.357594531432919360e-01
2.170566104153744957e-01,2.130250666981780561e-01,1.321344736479562187e-01,-7.942128416956092951e-02
2.170566104153744957e-01,2.195409515801154676e-01,6.866643645107203819e-02,2.219583314439959043e-01
2.170566104153744957e-01,2.230455834700110218e-01,1.146560458189821996e-01,2.834153092938058727e-01
2.170566104153744957e-01,2.210061873621699258e-01,1.652845822350909044e-01,1.014964605121204122e-01
2.170566104153744957e-01,2.175467497993748001e-01,1.461491523435306528e-01,-1.205074671625700790e-02
2.170566104153744957e-01,2.186870544626359769e-01,9.868851882153970023e-02,8.478801669836945332e-02
2.170566104153744957e-01,2.192162733451868128e-01,9.451759630664939571e-02,3.664586850008751950e-01
2.170566104153744957e-01,2.162687264833915990e-01,1.761005232481456795e-01,-1.015513257917652519e-02
2.170566104153744957e-01,2.148626020165604333e-01,1.202225619997722983e-01,9.040880543249583609e-03
2.170566104153744957e-01,2.173379815384133273e-01,8.686683410502352154e-02,2.169378774762222295e-01
2.170566104153744957e-01,2.176413736395025889e-01,1.258880150708591716e-01,6.783689233028501742e-02
2.170566104153744957e-01,2.179650073732527782e-01,1.084741360333370958e-01,-1.328324934636727350e-01
2.170566104153744957e-01,2.281364968525325110e-01,3.608296152526108136e-02,5.278721504624672711e-01
2.170566104153744957e-01,2.317339873623278645e-01,1.836190863752296121e-01,4.681691762796647005e-01
2.170566104153744957e-01,2.251473247443588621e-01,2.689844723490698031e-01,3.898121942711322424e-02
2.170566104153744957e-01,2.184783959938950970e-01,1.999821387643235526e-01,-1.744910168226697367e-01
2.170566104153744957e-01,2.286052422780708582e-01,8.763892189294898716e-02,5.565500261539572113e-01
2.170566104153744957e-01,2.376253081741798723e-01,2.283101215871568557e-01,6.698697671760255323e-01
2.170566104153744957e-01,2.338402254743448816e-01,3.607784715983611279e-01,2.710496489801335063e-01
2.170566104153744957e-01,2.193944833360953750e-01,3.338564826224552085e-01,-1.172182655598350692e-01
2.170566104153744957e-01,2.160746110177237944e-01,1.985342361416485568e-01,5.316295794773247957e-02
2.170566104153744957e-01,2.149456199539950263e-01,1.549226571292755539e-01,2.092292120593657601e-01
2.170566104153744957e-01,2.057292685376476693e-01,1.712132772305093031e-01,-9.488730091695186941e-02
2.170566104153744957e-01,2.065389790657280455e-01,9.138237717948609340e-02,4.729799063115946306e-02
2.170566104153744957e-01,2.078561225702660331e-01,7.815591234448789060e-02,6.423984595029365308e-02
2.170566104153744957e-01,2.100436880370633030e-01,7.398041363730185893e-02,1.106362109108391945e-01
2.170566104153744957e-01,2.115832098469029865e-01,8.497673909207835441e-02,1.448854404087209502e-01
2.170566104153744957e-01,2.115208149379395886e-01,1.029523256606441756e-01,6.766780240701100561e-03
2.170566104153744957e-01,2.153259732251653902e-01,7.409392289758641448e-02,8.518611766944426955e-02
2.170566104153744957e-01,2.184237981101511128e-01,7.742202818285208454e-02,1.077539111943438543e-01
2.170566104153744957e-01,2.204738033751958148e-01,8.652122562760761193e-02,1.173542116111052080e-01
2.170566104153744957e-01,2.222888836741133967e-01,9.577081473417667357e-02,1.944389932445284297e-01
2.170566104153744957e-01,2.212789509036403590e-01,1.253740550898112815e-01,1.148758177246232276e-01
2.170566104153744957e-01,2.209562255619652582e-01,1.222237272454824580e-01,3.882439460901578043e-02
2.170566104153744957e-01,2.242045240958996100e-01,9.720318141754123731e-02,5.268682843731294918e-01
2.170566104153744957e-01,2.261738616279442837e-01,2.261028228532468431e-01,4.066293387498450818e-01
2.170566104153744957e-01,2.194989933289733519e-01,2.802607411074367616e-01,-7.530105147104508567e-02
2.170566104153744957e-01,2.122083610756195227e-01,1.735920402867436318e-01,-1.583957346409904932e-01
2.170566104153744957e-01,2.107808037663105039e-01,7.399489277603275850e-02,-7.242479068038097656e-02
2.170566104153744957e-01,2.197925694518254036e-01,3.006894034113616332e-02,3.800179928404724961e-01
2.170566104153744957e-01,2.260842829974500090e-01,1.350522113024412163e-01,4.648126570385941458e-01
2.170566104153744957e-01,2.200108522910498021e-01,2.339811762131803752e-01,-4.101615017871847874e-02
2.170566104153744957e-01,2.138782937176707533e-01,1.514813400465466198e-01,-1.038732693671780838e-01
2.170566104153744957e-01,2.180904118070024766e-01,7.487360615370262928e-02,2.187202500506227887e-01
2.170566104153744957e-01,2.205114836618775054e-01,1.180267543193544016e-01,1.983781517948648987e-01
2.170566104153744957e-01,2.140517970615744003e-01,1.421319816483994636e-01,4.245552112858175242e-02
2.170566104153744957e-01,2.120962422998660668e-01,1.122279772466376752e-01,-1.413441955759451585e-01
2.170566104153744957e-01,2.220679811563839867e-01,3.615746198621963559e-02,3.514556525672107301e-01
2.170566104153744957e-01,2.319619833139626996e-01,1.307475533304766069e-01,4.145064387026760055e-01
2.170566104153744957e-01,2.304598445630054449e-01,2.158744735182817620e-01,3.019104325127827670e-01
2.170566104153744957e-01,2.217193389166907391e-01,2.416856939290116246e-01,-9.519369447947358120e-02
2.170566104153744957e-01,2.219870482076651275e-01,1.406214914806014904e-01,2.259680845691654782e-01
2.170566104153744957e-01,2.172445982170994050e-01,1.662236817690323498e-01,-3.875515762216022453e-02
2.170566104153744957e-01,2.212763586639633351e-01,1.047297984848018504e-01,3.360502123316460588e-01
2.170566104153744957e-01,2.156388110346482700e-01,1.741264369170833493e-01,-1.132967088398283417e-01
2.170566104153744957e-01,2.187498605475908797e-01,8.789927104878263175e-02,5.124057592080479839e-01
2.170566104153744957e-01,2.188237533332081652e-01,2.152510893804253644e-01,1.257133957361055709e-01
2.170566104153744957e-01,2.111076366793153969e-01,1.883897897239137920e-01,-8.684050246692591457e-02
2.170566104153744957e-01,2.105896493977848227e-01,1.058193917264386719e-01,1.161842516547197633e-02
2.170566104153744957e-01,2.124654906666305076e-01,7.755824989770097877e-02,9.938115118956790395e-02
2.170566104153744957e-01,2.135587382401615553e-01,8.410475237901096635e-02,3.560850275706900492e-02
2.170566104153744957e-01,2.168383181840316254e-01,6.955571895497658641e-02,1.248230052763403958e-01
2.170566104153744957e-01,2.164507150325412632e-01,8.613590238498863849e-02,1.418199131286335679e-01
2.170566104153744957e-01,2.164644957776611922e-01,1.028441042898806390e-01,9.856819005790219690e-02
2.170566104153744957e-01,2.180951629821637483e-01,1.015590360289031630e-01,2.154719633407287116e-01
2.170566104153744957e-01,2.188455423400838262e-01,1.357328388730097424e-01,1.096673612286467731e-01
2.170566104153744957e-01,2.165683881004383249e-01,1.279152112770226557e-01,4.606942032484626776e-02
2.170566104153744957e-01,2.179111689691122511e-01,1.033606655135892033e-01,7.646984109296711685e-02
2.170566104153744957e-01,2.199752446676217221e-01,9.529355082570593882e-02,9.642348193362873521e-02
1.085672812764007789e-01,2.215079667039539235e-01,9.563233528768175229e-02,6.345728542664957894e-01
1.085672812764007789e-01,2.203337421254015493e-01,2.573154143065029542e-01,6.566821575620084284e-01
1.085672812764007789e-01,2.039534307034363558e-01,3.771262349051452967e-01,7.853981633974482790e-01
1.085672812764007789e-01,1.757836756602048633e-01,4.996081864679194906e-01,5.599799487725730662e-01
1.085672812764007789e-01,1.366623999172831561e-01,5.177198798085621556e-01,-2.136949274914813068e-01
1.085672812764007789e-01,1.076219261908675923e-01,2.982953575909295107e-01,-4.438862341919430077e-01
1.085672812764007789e-01,8.867512981074281153e-02,7.564025910092977978e-02,-5.009346089314520301e-01
1.085672812764007789e-01,7.840155191552965197e-02,-9.733357026513964061e-02,-5.771173435738544688e-01
1.085672812764007789e-01,9.040191211128224824e-02,-2.412684811470726942e-01,-6.807133372999605962e-03
1.085672812764007789e-01,1.020343720496169060e-01,-1.709306289762853037e-01,2.879028397603194400e-01
1.085672812764007789e-01,1.048845619926964678e-01,-3.327888573442980280e-02,1.381415050967456926e-01
1.085672812764007789e-01,9.721416828716221425e-02,1.814263970302416873e-02,-1.546078301167056190e-01
1.085672812764007789e-01,9.933518898980506218e-02,-3.368314997008065720e-02,1.394336479711115115e-02
1.085672812764007789e-01,1.009947674217035740e-01,-1.939531243550483841e-02,-1.467389225051185520e-01
1.085672812764007789e-01,1.055710902600417167e-01,-5.759658581509598946e-02,9.473866844009833088e-02
1.085672812764007789e-01,1.094816750804250560e-01,-1.189809304577669341e-02,5.832946965654018648e-04
1.085672812764007789e-01,1.106261978180659994e-01,-8.153473112724157756e-03,3.305267954248757023e-02
1.085672812764007789e-01,1.109972862855540393e-01,4.208948653232295195e-03,4.233296370357306909e-02
1.085672812764007789e-01,1.106946847463378403e-01,1.564586542485618681e-02,1.066777652485456640e-01
1.085672812764007789e-01,1.077734264947210613e-01,4.295501032499142446e-02,-6.486335333902196187e-02
1.085672812764007789e-01,1.026008922370982429e-01,1.060882593258866829e-02,3.474816648632430421e-02
1.085672812764007789e-01,1.010331661841761264e-01,1.785049159307280225e-02,-1.966668419290827918e-01
1.085672812764007789e-01,1.051898968057217998e-01,-4.650213324923511277e-02,3.988574752719642458e-02
1.085672812764007789e-01,1.062073981858430716e-01,-2.058444488835665595e-02,-7.378514064727455246e-02
1.085672812764007789e-01,1.145077462540277924e-01,-3.654313792568218699e-02,5.412476689779300854e-01
1.085672812764007789e-01,1.194178162909647206e-01,1.367951411913667092e-01,3.009749139561083697e-01
1.085672812764007789e-01,1.062365985076879210e-01,1.860507250295342641e-01,-2.765713337918979664e-01
1.085672812764007789e-01,9.834250789717886854e-02,4.726301185002079741e-02,-1.975742724586352639e-01
1.085672812764007789e-01,1.025280286769190558e-01,-2.618892352063247053e-02,-7.335099337472660019e-02
1.085672812764007789e-01,1.105622729638572471e-01,-4.033778546512169216e-02,2.234461542406444845e-01
1.085672812764007789e-01,1.170201223448539135e-01,3.879619492216555832e-02,1.961800764190597679e-01
1.085672812764007789e-01,1.063069121580973164e-01,8.601263270565959185e-02,-2.473021583161128523e-01
1.085672812764007789e-01,1.141132110281048023e-01,-1.398306571596859282e-02,4.690980473365869430e-01
1.085672812764007789e-01,1.246005200362362703e-01,1.309408714870311519e-01,4.067444996610449781e-01
1.085672812764007789e-01,1.264458916357337204e-01,2.136820596933686200e-01,4.669381716776676017e-01
1.085672812764007789e-01,1.185086010750542457e-01,2.896603167142375868e-01,-3.675383887634421642e-02
1.085672812764007789e-01,9.990843132827569029e-02,1.917368745455336199e-01,-4.802088750385871130e-01
1.085672812764007789e-01,8.525441415188590721e-02,-9.846899141255832655e-03,-4.136494729951859517e-01
1.085672812764007789e-01,8.821597137024805857e-02,-1.309885411655141718e-01,-1.250705076086631173e-01
1.085672812764007789e-01,1.031164251625742712e-01,-1.292129761965156720e-01,2.082467864973977234e-01
1.085672812764007789e-01,1.092352844435980491e-01,-2.797448256104927145e-02,3.071538117891474684e-01
1.085672812764007789e-01,1.098200756715309867e-01,7.256395706898351172e-02,7.878841410512531229e-02
1.085672812764007789e-01,1.030445121537239134e-01,7.443137167479299543e-02,-1.036832070503196923e-01
1.085672812764007789e-01,1.032295305034891530e-01,2.097933130800861551e-02,3.966375848617610667e-02
1.085672812764007789e-01,1.024808301989537374e-01,2.658237883662879775e-02,2.345846486493597879e-02
1.085672812764007789e-01,1.018517659253354579e-01,2.564633709548747031e-02,-6.715262117621628724e-02
1.085672812764007789e-01,1.064807308181266315e-01,-2.193268525776229799e-03,1.490826343015508870e-01
1.085672812764007789e-01,1.081456347442820987e-01,4.319082761310931440e-02,1.417654223560170235e-01
1.085672812764007789e-01,1.032604684104746623e-01,7.276628667491161218e-02,-3.025281350425725324e-01
1.085672812764007789e-01,1.144008133328796861e-01,-3.982188870878758391e-02,4.328546615398052300e-01
1.085672812764007789e-01,1.197104673667678393e-01,1.019819320703460597e-01,4.080203514796800768e-01
1.085672812764007789e-01,1.133383397649938562e-01,1.937943793729408615e-01,-1.326554452660475003e-01
1.085672812764007789e-01,1.043414198037928148e-01,9.585695020150562795e-02,-2.100892674498392454e-01
1.085672812764007789e-01,1.074310441087929086e-01,4.072832570360035431e-03,1.425429925735091120e-02
1.085672812764007789e-01,1.084590853958029427e-01,7.128175771535588505e-03,2.174481433022706217e-02
1.085672812764007789e-01,1.093861211629999081e-01,1.151346757878031479e-02,1.656174941076883067e-01
1.085672812764007789e-01,1.051149605507332024e-01,5.778939989918831233e-02,-8.275809497826761008e-02
1.085672812764007789e-01,1.060916362890674536e-01,1.561971254151264810e-02,-1.382675267117660922e-01
1.085672812764007789e-01,1.132777029150877912e-01,-3.054714471628630634e-02,3.631585290675626299e-01
1.085672812764007789e-01,1.205165639299974611e-01,8.756555530204793159e-02,4.269827658432088224e-01
1.085672812764007789e-01,1.115524803360262995e-01,1.893915867741122194e-01,-1.265674590141263600e-01
1.085672812764007789e-01,1.083812051079566519e-01,9.460323247955593207e-02,-9.427886743611234993e-03
1.085672812764007789e-01,1.041086855359266844e-01,6.339275383454566482e-02,-2.721407752070633679e-01
1.085672812764007789e-01,1.083502570375712848e-01,-3.726763967083344953e-02,1.754243351505529180e-01
1.085672812764007789e-01,1.098420418865751896e-01,2.654065446779649284e-02,7.158701845809090081e-02
1.085672812764007789e-01,1.056035109181583526e-01,4.004969282070236503e-02,-1.741903813057080197e-01
1.085672812764007789e-01,1.118427611321944765e-01,-2.422189055727969054e-02,3.073285193178458830e-01
1.085672812764007789e-01,1.169825574454445849e-01,7.524061801506422287e-02,2.950203458330163953e-01
1.085672812764007789e-01,9.666990317715118408e-02,1.411754155169016034e-01,-3.797871560709087935e-01
1.085672812764007789e-01,8.778219394495154204e-02,-1.511471342973808030e-02,-4.336654224426797488e-01
1.085672812764007789e-01,9.617604154533897221e-02,-1.406813182460670553e-01,9.349876929617928489e-02
1.085672812764007789e-01,1.093224596448737623e-01,-7.042753976970464458e-02,4.120580053784574370e-01
1.085672812764007789e-01,1.153031184514037438e-01,7.431905319912554542e-02,3.536222693526392957e-01
1.085672812764007789e-01,1.070541420907096947e-01,1.581110582792427666e-01,-2.536714461596600856e-01
1.085672812764007789e-01,1.077237343167425226e-01,3.456447613285439091e-02,3.334573129212636822e-02
1.085672812764007789e-01,1.113260768450409360e-01,3.419955818249083290e-02,2.125269336969944078e-01
1.085672812764007789e-01,1.117574159061808931e-01,8.769859597672949314e-02,-1.972013570852131081e-02
1.085672812764007789e-01,1.095501769940201847e-01,5.547215837180983350e-02,-1.122201415736233249e-01
1.085672812764007789e-01,1.136960313557060648e-01,5.079445022540575450e-03,3.211817215478956489e-01
1.085672812764007789e-01,1.174203830581303787e-01,9.991094959844074030e-02,4.212292143675527845e-01
1.085672812764007789e-01,1.111800746513873644e-01,1.963073153937323068e-01,-1.115711677069711472e-01
1.085672812764007789e-01,1.050846588638386647e-01,1.039439370763411419e-01,-2.394003877127931224e-01
1.085672812764007789e-01,1.007163346396912351e-01,9.400215322288296704e-04,-1.710028583611543918e-01
1.085672812764007789e-01,1.100418274024888149e-01,-5.064361681763914630e-02,3.166712525258991162e-01
1.085672812764007789e-01,1.143397081955291744e-01,5.955160412046175272e-02,2.097275872872658431e-01
1.085672812764007789e-01,1.074504357810237287e-01,1.046056842624913386e-01,-1.678430489366943834e-01
1.085672812764007789e-01,1.119186917313659685e-01,2.287009496641023709e-02,1.542813536147917275e-01
1.085672812764007789e-01,1.098280419298457572e-01,6.229443249105502678e-02,-9.308962036776985416e-02
1.085672812764007789e-01,1.121959818344536175e-01,1.567138809536344768e-02,9.765139685264241642e-02
1.085672812764007789e-01,1.115922112643438768e-01,4.026493125570401732e-02,1.070367302351639266e-01
1.085672812764007789e-01,1.086945801677683676e-01,6.029637454452671519e-02,-9.043614444556118126e-02
1.085672812764007789e-01,1.068422042717426246e-01,1.507840122952924106e-02,-1.082450771619493379e-01
1.085672812764007789e-01,1.149703298398988410e-01,-2.191858145170618583e-02,3.779987445706770033e-01
1.085672812764007789e-01,1.153869546927140111e-01,9.805740434009641016e-02,1.394488155057573564e-01
1.085672812764007789e-01,1.055205275353609390e-01,1.104741048860294061e-01,-2.711710360706787726e-01
1.085672812764007789e-01,1.130169151073077832e-01,-4.020410860166204192e-03,3.806839599635334359e-01
1.085672812764007789e-01,1.171215953296613627e-01,1.113909236002770253e-01,3.419348412672044146e-01
1.085672812764007789e-01,1.139364425284180166e-01,1.805542151581511767e-01,-8.937671087590053076e-02
1.085672812764007789e-01,1.045330347645877234e-01,9.957430579354643874e-02,-2.836499379470310278e-01
1.085672812764007789e-01,1.162672698250093589e-01,-1.539315858450270025e-02,4.660286813594595179e-01
-1.952281801384161408e-01,1.186325095599603113e-01,1.290342397489718240e-01,7.104545320715297541e-01
-1.952281801384161408e-01,1.101284573520061594e-01,3.034618541705037531e-01,7.620487737045024135e-01
-1.952281801384161408e-01,7.322545095848297103e-02,4.410382949703212097e-01,7.089354379380187199e-01
-1.952281801384161408e-01,2.865992270336444048e-02,5.214085191053612345e-01,6.608122210700169141e-01
-1.952281801384161408e-01,-2.964878836375608312e-02,5.632305056443157598e-01,5.191892050115081148e-01
-1.952281801384161408e-01,-9.562806328245154752e-02,5.500176418714969317e-01,-5.116542172290222679e-01
-1.952281801384161408e-01,-1.358598699489582395e-01,2.315162736147408085e-01,-5.077825635705355278e-01
-1.952281801384161408e-01,-1.742780212671679874e-01,9.725960046434389827e-03,-7.853981633974482790e-01
-1.952281801384161408e-01,-2.061820344010845407e-01,-2.288111770463291395e-01,-7.853981633974482790e-01
-1.952281801384161408e-01,-2.223987516553983523e-01,-3.957869481084618224e-01,-7.432860184004320692e-01
-1.952281801384161408e-01,-2.274968098742054801e-01,-5.000364780195174497e-01,-7.745410642071162144e-01
-1.952281801384161408e-01,-2.298170305658137069e-01,-5.823884120721941615e-01,-7.853981633974482790e-01
-1.952281801384161408e-01,-2.234830764133231840e-01,-6.432919910950004594e-01,-5.802833791776598193e-01
-1.952281801384161408e-01,-2.112989512354444266e-01,-6.243878952660494308e-01,1.972594056745984384e-02
-1.952281801384161408e-01,-2.071003691044606965e-01,-4.311539229696794706e-01,-2.374381581380551332e-01
-1.952281801384161408e-01,-2.006528016032934070e-01,-3.730388890297504645e-01,-7.476602136775087337e-02
-1.952281801384161408e-01,-2.014014804653888047e-01,-2.835557302884234576e-01,-3.862442658125905814e-01
-1.952281801384161408e-01,-1.946449559355278580e-01,-3.143602211340736918e-01,1.399557107685511226e-01
-1.952281801384161408e-01,-2.033080912172382515e-01,-1.780650174415641662e-01,-7.123673267185330893e-01
-1.952281801384161408e-01,-2.042165701757331919e-01,-3.383538568615752640e-01,-6.483804602658509442e-01
-1.952281801384161408e-01,-1.892881880834782760e-01,-4.313625994009440134e-01,3.197575649460567271e-01
-1.952281801384161408e-01,-1.923613853518303940e-01,-2.060250317275577614e-01,-1.345843905286460140e-01
-1.952281801384161408e-01,-1.875511060861461965e-01,-1.845921899402737654e-01,5.470424162266982610e-02
-1.952281801384161408e-01,-1.976449750867169675e-01,-1.128027197667777481e-01,-7.431955749530995137e-01
-1.952281801384161408e-01,-2.007056905673663683e-01,-3.019205645293897566e-01,-5.924754554837187159e-01
-1.952281801384161408e-01,-1.919433454185524857e-01,-3.890869549777919989e-01,3.527133407949736288e-01
-1.952281801384161408e-01,-1.926451610488210953e-01,-1.665465928701537479e-01,-4.291770961487310215e-02
-1.952281801384161408e-01,-1.962362355031367911e-01,-1.294566189273321233e-01,-5.748612664220426050e-01
-1.952281801384161408e-01,-1.931596676024065762e-01,-2.630786237228779356e-01,1.739044920029853003e-01
-1.952281801384161408e-01,-2.011306623564092511e-01,-1.319828666026314212e-01,-6.788062538851385996e-01
-1.952281801384161408e-01,-2.035757433273443773e-01,-2.960298870210508193e-01,-4.177906312739076422e-01
-1.952281801384161408e-01,-1.955318865122888661e-01,-3.325582770953813827e-01,4.417591278979992979e-03
-1.952281801384161408e-01,-1.871000867967073378e-01,-2.314639371111719135e-01,1.923928740954529426e-01
-1.952281801384161408e-01,-2.009470036935359361e-01,-1.043065809232119334e-01,-7.537260103880035755e-01
-1.952281801384161408e-01,-2.054677435049875878e-01,-2.991324763860337410e-01,-5.198258201462266914e-01
-1.952281801384161408e-01,-1.933968807023991876e-01,-3.653411588229779072e-01,2.145025518979938595e-01
-1.952281801384161408e-01,-1.916877536601895582e-01,-1.913877334813488540e-01,-1.121699576318321429e-01
-1.952281801384161408e-01,-1.888515658498082506e-01,-1.676211530071833877e-01,3.437150604261923065e-02
-1.952281801384161408e-01,-1.914815454009360374e-01,-1.070236183426603871e-01,-7.897328013696615356e-02
-1.952281801384161408e-01,-1.969055203994786452e-01,-9.860809595005927408e-02,-5.794822618307639006e-01
-1.952281801384161408e-01,-2.020279320784169608e-01,-2.428668630055482724e-01,-4.992365472517957814e-01
-1.952281801384161408e-01,-1.883971907735445539e-01,-3.197776033101206172e-01,2.624260628931586736e-01
-1.952281801384161408e-01,-1.927915896246047700e-01,-1.451168266727229650e-01,-2.834731706296770293e-01
-1.952281801384161408e-01,-1.967579113553737935e-01,-1.866231282264372848e-01,-4.181277344127493079e-01
-1.952281801384161408e-01,-1.967579711433931899e-01,-2.560749832674528159e-01,-1.092667323351309838e-01
-1.952281801384161408e-01,-1.914436729940858783e-01,-2.120341694827853896e-01,-4.141429796317182971e-02
-1.952281801384161408e-01,-1.923943366713314340e-01,-1.608468861759991264e-01,-2.604846652718694755e-01
-1.952281801384161408e-01,-1.921126713802380204e-01,-1.907400115334025592e-01,9.793499229981683651e-02
-1.952281801384161408e-01,-1.979321393847386923e-01,-1.041375846329271465e-01,-4.687528454832584068e-01
-1.952281801384161408e-01,-1.958444640649328050e-01,-2.135218208506773074e-01,-3.453287175843471751e-02
-1.952281801384161408e-01,-1.979327554925643939e-01,-1.598261719118032054e-01,-1.323839276705355283e-01
-1.952281801384161408e-01,-2.034235925471760131e-01,-1.515934047913502780e-01,-4.872625276629601876e-01
-1.952281801384161408e-01,-2.051367881817318939e-01,-2.522948872956099486e-01,-3.464260699906224206e-01
-1.952281801384161408e-01,-1.974006362554477090e-01,-2.805349718333339792e-01,9.924323897639923675e-02
-1.952281801384161408e-01,-2.061149184159962178e-01,-1.666006047280881308e-01,-7.246445097467714147e-01
-1.952281801384161408e-01,-2.079401303090910036e-01,-3.340132177061475582e-01,-4.579336183161624163e-01
-1.952281801384161408e-01,-1.870250377269075948e-01,-3.711907435639212882e-01,3.840619197319737332e-01
-1.952281801384161408e-01,-1.942992290214651530e-01,-1.446141398523239918e-01,-3.562380136917475126e-01
-1.952281801384161408e-01,-1.996537515318247691e-01,-2.081007127443745830e-01,-4.420689388371542017e-01
-1.952281801384161408e-01,-1.935333394261767870e-01,-2.782916523411260168e-01,2.258268954194992406e-01
-1.952281801384161408e-01,-2.045726875182453941e-01,-1.270551528996254897e-01,-6.952331620403707779e-01
-1.952281801384161408e-01,-2.087584795573010910e-01,-2.975082301084363001e-01,-6.115724114971614611e-01
-1.952281801384161408e-01,-2.013084680697604933e-01,-3.917282840631540752e-01,5.043682766203508305e-02
-1.952281801384161408e-01,-1.884182236228890694e-01,-2.590762026655379913e-01,3.929421367600858805e-01
-1.952281801384161408e-01,-2.033158978744491752e-01,-6.347103551807634081e-02,-7.853981633974482790e-01
-1.952281801384161408e-01,-2.094210963077689225e-01,-2.800491769993561642e-01,-6.148794021837403756e-01
-1.952281801384161408e-01,-2.021862157186438413e-01,-3.804982552873406032e-01,-4.409539377871706661e-03
-1.952281801384161408e-01,-1.870509415855469981e-01,-2.676717823935077512e-01,2.886249829376242859e-01
-1.952281801384161408e-01,-1.793978022260152294e-01,-1.007821363310603680e-01,4.749096474016282765e-01
-1.952281801384161408e-01,-2.080713345251798407e-01,7.192552674010069258e-02,-7.853981633974482790e-01
-1.952281801384161408e-01,-2.289351309051729788e-01,-1.852716436457988169e-01,-7.853981633974482790e-01
-1.952281801384161408e-01,-2.327234823514423845e-01,-3.653103620429677401e-01,-7.853981633974482790e-01
-1.952281801384161408e-01,-2.210548562189443011e-01,-4.913371895181906090e-01,-2.344198187435325709e-01
-1.952281801384161408e-01,-2.025471149423405670e-01,-4.142619777842861395e-01,1.149443525108007347e-01
-1.952281801384161408e-01,-1.971604814779285286e-01,-2.555001143775258443e-01,5.924439032665850674e-02
-1.952281801384161408e-01,-1.894983359888930685e-01,-1.610761735499111613e-01,2.744365969172528064e-01
-1.952281801384161408e-01,-2.078592071586907453e-01,-3.042170683150377530e-02,-7.252369330521514224e-01
-1.952281801384161408e-01,-2.175687502902566295e-01,-2.388666380480881091e-01,-7.853981633974482790e-01
-1.952281801384161408e-01,-2.106903749089078237e-01,-4.028267163086193259e-01,-1.579525055730064409e-01
-1.952281801384161408e-01,-1.916707891665421493e-01,-3.293631459012814622e-01,4.539900593082434876e-01
-1.952281801384161408e-01,-1.942022618924071908e-01,-9.435734463100528546e-02,-2.702958131455594493e-01
-1.952281801384161408e-01,-1.902677092207037401e-01,-1.471388964008440436e-01,2.495798164354301185e-01
-1.952281801384161408e-01,-1.960543701800141481e-01,-2.812272130371741563e-02,-4.748163015248264007e-01
-1.952281801384161408e-01,-2.013484714394758179e-01,-1.621315449927879793e-01,-5.809818347854250886e-01
-1.952281801384161408e-01,-1.977160276384253290e-01,-2.877874411206512439e-01,1.168104274060246528e-01
-1.952281801384161408e-01,-1.988288295043399989e-01,-1.664083457178673342e-01,-2.467779421032605669e-01
-1.952281801384161408e-01,-1.971437042091178093e-01,-1.905136947707159745e-01,-1.139173137990873719e-01
-1.952281801384161408e-01,-1.934102526706786840e-01,-1.675356209209316050e-01,-5.085103243532646845e-03
-1.952281801384161408e-01,-1.966616828610351919e-01,-1.187988832648997350e-01,-3.101833863945187564e-01
-1.952281801384161408e-01,-1.991156019824005807e-01,-1.762149677717386731e-01,-2.550391458269839484e-01
-1.952281801384161408e-01,-1.955617764178927687e-01,-1.998635123465855590e-01,-6.968981266614017456e-02
-1.952281801384161408e-01,-1.957452379043104485e-01,-1.608098190614218603e-01,-4.606108754346676520e-02
-1.952281801384161408e-01,-1.980745436069204224e-01,-1.263838503530432256e-01,-4.039389738853496059e-01
-1.952281801384161408e-01,-1.995916323342873389e-01,-2.096511317487603498e-01,-4.131794666746790301e-01
-1.952281801384161408e-01,-1.923101963568464579e-01,-2.707104189296188346e-01,8.666410965660019394e-02
-1.952281801384161408e-01,-1.947557364701163196e-01,-1.634960700002549561e-01,-2.269398834942056853e-01
-1.952281801384161408e-01,-1.914411806099104996e-01,-1.825310242924536031e-01,2.374468186130843789e-02
-1.952281801384161408e-01,-1.978942250603131781e-01,-1.206463627668636629e-01,-3.487356080207230646e-01
-1.952281801384161408e-01,-2.042905448862758766e-01,-1.890739039303713787e-01,-5.885002038185305206e-01
